path,filename,product_name,model,condition,barcode,anomaly_type,is_anomaly
./extracted_data/clarity_dataset_v6\test\AirPods_3_Good\194253324034_Mint_down_20250819_143532_full.jpg,194253324034_Mint_down_20250819_143532_full.jpg,AirPods,3,Good,194253324034,Grade A,False
./extracted_data/clarity_dataset_v6\test\AirPods_3_Good\195949743597_GradeA_down_20250820_103157_full.jpg,195949743597_GradeA_down_20250820_103157_full.jpg,AirPods,3,Good,195949743597,Grade A,False
./extracted_data/clarity_dataset_v6\test\AirPods_3_Good\195949743597_Mint_down_20250819_141350_full.jpg,195949743597_Mint_down_20250819_141350_full.jpg,AirPods,3,Good,195949743597,Grade A,False
./extracted_data/clarity_dataset_v6\test\AirPods_3_Good\195949743597_Mint_down_20250819_141409_full.jpg,195949743597_Mint_down_20250819_141409_full.jpg,AirPods,3,Good,195949743597,Grade A,False
./extracted_data/clarity_dataset_v6\test\AirPods_3_Good\195949743603_Mint_up_20250819_143634_full.jpg,195949743603_Mint_up_20250819_143634_full.jpg,AirPods,3,Good,195949743603,Grade A,False
./extracted_data/clarity_dataset_v6\test\AirPods_4_Counterfeit\195949689604_Counterfeit_down_20250821_094517_full.jpg,195949689604_Counterfeit_down_20250821_094517_full.jpg,AirPods,4,Counterfeit,195949689604,Counterfeit,True
./extracted_data/clarity_dataset_v6\test\AirPods_4_Good\195949688522_GradeA_down_20250820_103023_full.jpg,195949688522_GradeA_down_20250820_103023_full.jpg,AirPods,4,Good,195949688522,Grade A,False
./extracted_data/clarity_dataset_v6\test\AirPods_4_Good\195949689604_GradeA_down_20250821_074339_full.jpg,195949689604_GradeA_down_20250821_074339_full.jpg,AirPods,4,Good,195949689604,Grade A,False
./extracted_data/clarity_dataset_v6\test\AirPods_4_Good\195949689604_GradeA_down_20250821_074610_full.jpg,195949689604_GradeA_down_20250821_074610_full.jpg,AirPods,4,Good,195949689604,Grade A,False
./extracted_data/clarity_dataset_v6\test\AirPods_4_Good\195949689604_GradeA_down_20250821_074636_full.jpg,195949689604_GradeA_down_20250821_074636_full.jpg,AirPods,4,Good,195949689604,Grade A,False
./extracted_data/clarity_dataset_v6\test\AirPods_4_Good\195949689604_GradeA_up_20250821_074319_full.jpg,195949689604_GradeA_up_20250821_074319_full.jpg,AirPods,4,Good,195949689604,Grade A,False
./extracted_data/clarity_dataset_v6\test\AirPods_Max_1_Counterfeit\194252244944_Counterfeit_up_20250821_094945_full.jpg,194252244944_Counterfeit_up_20250821_094945_full.jpg,AirPods_Max,1,Counterfeit,194252244944,Counterfeit,True
./extracted_data/clarity_dataset_v6\test\AirPods_Max_1_Good\194252244944_GradeA_down_20250821_075304_full.jpg,194252244944_GradeA_down_20250821_075304_full.jpg,AirPods_Max,1,Good,194252244944,Grade A,False
./extracted_data/clarity_dataset_v6\test\AirPods_Max_1_Good\194252244944_GradeA_up_20250821_075231_full.jpg,194252244944_GradeA_up_20250821_075231_full.jpg,AirPods_Max,1,Good,194252244944,Grade A,False
./extracted_data/clarity_dataset_v6\test\AirPods_Max_2_Counterfeit\195949544170_Counterfeit_up_20250821_095040_full.jpg,195949544170_Counterfeit_up_20250821_095040_full.jpg,AirPods_Max,2,Counterfeit,195949544170,Counterfeit,True
./extracted_data/clarity_dataset_v6\test\AirPods_Max_2_Counterfeit\195949544453_Mint_up_20250819_170330_full.jpg,195949544453_Mint_up_20250819_170330_full.jpg,AirPods_Max,2,Counterfeit,195949544453,Counterfeit,True
./extracted_data/clarity_dataset_v6\test\AirPods_Max_2_Good\195949544170_Mint_down_20250819_170213_full.jpg,195949544170_Mint_down_20250819_170213_full.jpg,AirPods_Max,2,Good,195949544170,Grade A,False
./extracted_data/clarity_dataset_v6\test\AirPods_Max_2_Good\195949544170_Mint_down_20250819_170223_full.jpg,195949544170_Mint_down_20250819_170223_full.jpg,AirPods_Max,2,Good,195949544170,Grade A,False
./extracted_data/clarity_dataset_v6\test\AirPods_Max_2_Good\195949544170_Mint_up_20250819_170203_full.jpg,195949544170_Mint_up_20250819_170203_full.jpg,AirPods_Max,2,Good,195949544170,Grade A,False
./extracted_data/clarity_dataset_v6\test\AirPods_Max_2_Good\195949544316_GradeA_down_20250821_075429_full.jpg,195949544316_GradeA_down_20250821_075429_full.jpg,AirPods_Max,2,Good,195949544316,Grade A,False
./extracted_data/clarity_dataset_v6\test\AirPods_Max_2_Good\195949544453_GradeA_down_20250820_094441_full.jpg,195949544453_GradeA_down_20250820_094441_full.jpg,AirPods_Max,2,Good,195949544453,Grade A,False
./extracted_data/clarity_dataset_v6\test\AirPods_Max_2_Good\195949544453_GradeA_down_20250820_094455_full.jpg,195949544453_GradeA_down_20250820_094455_full.jpg,AirPods_Max,2,Good,195949544453,Grade A,False
./extracted_data/clarity_dataset_v6\test\AirPods_Pro_2_Counterfeit\195949704529_Counterfeit_down_20250821_094729_full.jpg,195949704529_Counterfeit_down_20250821_094729_full.jpg,AirPods_Pro,2,Counterfeit,195949704529,Counterfeit,True
./extracted_data/clarity_dataset_v6\test\AirPods_Pro_2_Good\194253397168_GradeA_down_20250820_103400_full.jpg,194253397168_GradeA_down_20250820_103400_full.jpg,AirPods_Pro,2,Good,194253397168,Grade A,False
./extracted_data/clarity_dataset_v6\test\AirPods_Pro_2_Good\195949704529_GradeA_down_20250821_074802_full.jpg,195949704529_GradeA_down_20250821_074802_full.jpg,AirPods_Pro,2,Good,195949704529,Grade A,False
./extracted_data/clarity_dataset_v6\test\AirPods_Pro_2_Good\195949704529_GradeA_down_20250821_074814_full.jpg,195949704529_GradeA_down_20250821_074814_full.jpg,AirPods_Pro,2,Good,195949704529,Grade A,False
./extracted_data/clarity_dataset_v6\test\AirPods_Pro_2_Good\195949704529_GradeA_up_20250821_075028_full.jpg,195949704529_GradeA_up_20250821_075028_full.jpg,AirPods_Pro,2,Good,195949704529,Grade A,False
./extracted_data/clarity_dataset_v6\test\Apple_Watch_10_42mm_Cellular_Good\195949561085_GradeA_down_20250821_084805_full.jpg,195949561085_GradeA_down_20250821_084805_full.jpg,Apple_Watch_10_42mm,Cellular,Good,195949561085,Grade A,False
./extracted_data/clarity_dataset_v6\test\Apple_Watch_10_42mm_Cellular_Good\195949561085_GradeA_down_20250821_084925_full.jpg,195949561085_GradeA_down_20250821_084925_full.jpg,Apple_Watch_10_42mm,Cellular,Good,195949561085,Grade A,False
./extracted_data/clarity_dataset_v6\test\Apple_Watch_10_42mm_Cellular_Good\195949561085_GradeA_down_20250821_084936_full.jpg,195949561085_GradeA_down_20250821_084936_full.jpg,Apple_Watch_10_42mm,Cellular,Good,195949561085,Grade A,False
./extracted_data/clarity_dataset_v6\test\Apple_Watch_10_42mm_Cellular_Good\195949561122_GradeA_down_20250820_090358_full.jpg,195949561122_GradeA_down_20250820_090358_full.jpg,Apple_Watch_10_42mm,Cellular,Good,195949561122,Grade A,False
./extracted_data/clarity_dataset_v6\test\Apple_Watch_10_42mm_Cellular_Good\195949561122_GradeA_down_20250821_084625_full.jpg,195949561122_GradeA_down_20250821_084625_full.jpg,Apple_Watch_10_42mm,Cellular,Good,195949561122,Grade A,False
./extracted_data/clarity_dataset_v6\test\Apple_Watch_10_42mm_Cellular_Good\195949561122_GradeA_up_20250820_090319_full.jpg,195949561122_GradeA_up_20250820_090319_full.jpg,Apple_Watch_10_42mm,Cellular,Good,195949561122,Grade A,False
./extracted_data/clarity_dataset_v6\test\Apple_Watch_10_42mm_Good\195949560859_GradeA_down_20250820_091543_full.jpg,195949560859_GradeA_down_20250820_091543_full.jpg,Apple_Watch_10,42mm,Good,195949560859,Grade A,False
./extracted_data/clarity_dataset_v6\test\Apple_Watch_10_42mm_Good\195949560859_GradeA_up_20250820_091513_full.jpg,195949560859_GradeA_up_20250820_091513_full.jpg,Apple_Watch_10,42mm,Good,195949560859,Grade A,False
./extracted_data/clarity_dataset_v6\test\Apple_Watch_10_42mm_Good\195949560880_Mint_up_20250819_151352_full.jpg,195949560880_Mint_up_20250819_151352_full.jpg,Apple_Watch_10,42mm,Good,195949560880,Grade A,False
./extracted_data/clarity_dataset_v6\test\Apple_Watch_10_42mm_Good\195949560897_Mint_down_20250819_153246_full.jpg,195949560897_Mint_down_20250819_153246_full.jpg,Apple_Watch_10,42mm,Good,195949560897,Grade A,False
./extracted_data/clarity_dataset_v6\test\Apple_Watch_10_42mm_Good\195949560897_Mint_up_20250819_153221_full.jpg,195949560897_Mint_up_20250819_153221_full.jpg,Apple_Watch_10,42mm,Good,195949560897,Grade A,False
./extracted_data/clarity_dataset_v6\test\Apple_Watch_10_46mm_Cellular_Good\195949561252_Mint_up_20250819_153855_full.jpg,195949561252_Mint_up_20250819_153855_full.jpg,Apple_Watch_10_46mm,Cellular,Good,195949561252,Grade A,False
./extracted_data/clarity_dataset_v6\test\Apple_Watch_10_46mm_Cellular_Good\195949561252_Mint_up_20250819_153904_full.jpg,195949561252_Mint_up_20250819_153904_full.jpg,Apple_Watch_10_46mm,Cellular,Good,195949561252,Grade A,False
./extracted_data/clarity_dataset_v6\test\Apple_Watch_10_46mm_Cellular_Good\195949561252_Mint_up_20250819_153916_full.jpg,195949561252_Mint_up_20250819_153916_full.jpg,Apple_Watch_10_46mm,Cellular,Good,195949561252,Grade A,False
./extracted_data/clarity_dataset_v6\test\Apple_Watch_10_46mm_Cellular_Good\195949561283_GradeA_down_20250820_085517_full.jpg,195949561283_GradeA_down_20250820_085517_full.jpg,Apple_Watch_10_46mm,Cellular,Good,195949561283,Grade A,False
./extracted_data/clarity_dataset_v6\test\Apple_Watch_10_46mm_Cellular_Good\195949561283_GradeA_up_20250820_085506_full.jpg,195949561283_GradeA_up_20250820_085506_full.jpg,Apple_Watch_10_46mm,Cellular,Good,195949561283,Grade A,False
./extracted_data/clarity_dataset_v6\test\Apple_Watch_10_46mm_Cellular_Good\195949561283_Mint_down_20250819_155807_full.jpg,195949561283_Mint_down_20250819_155807_full.jpg,Apple_Watch_10_46mm,Cellular,Good,195949561283,Grade A,False
./extracted_data/clarity_dataset_v6\test\Apple_Watch_10_46mm_Cellular_Good\195949561320_Mint_up_20250819_160510_full.jpg,195949561320_Mint_up_20250819_160510_full.jpg,Apple_Watch_10_46mm,Cellular,Good,195949561320,Grade A,False
./extracted_data/clarity_dataset_v6\test\Apple_Watch_10_46mm_Counterfeit\195949560989_Counterfeit_down_20250821_105413_full.jpg,195949560989_Counterfeit_down_20250821_105413_full.jpg,Apple_Watch_10,46mm,Counterfeit,195949560989,Counterfeit,True
./extracted_data/clarity_dataset_v6\test\Apple_Watch_10_46mm_Good\195949560965_Mint_up_20250819_151739_full.jpg,195949560965_Mint_up_20250819_151739_full.jpg,Apple_Watch_10,46mm,Good,195949560965,Grade A,False
./extracted_data/clarity_dataset_v6\test\Apple_Watch_8_41mm_Cellular_Good\194253215127_Mint_up_20250819_154234_full.jpg,194253215127_Mint_up_20250819_154234_full.jpg,Apple_Watch_8_41mm,Cellular,Good,194253215127,Grade A,False
./extracted_data/clarity_dataset_v6\test\Apple_Watch_8_41mm_Cellular_Good\194253215127_Mint_up_20250819_154253_full.jpg,194253215127_Mint_up_20250819_154253_full.jpg,Apple_Watch_8_41mm,Cellular,Good,194253215127,Grade A,False
./extracted_data/clarity_dataset_v6\test\Apple_Watch_8_41mm_Cellular_Good\194253215134_Mint_down_20250819_151634_full.jpg,194253215134_Mint_down_20250819_151634_full.jpg,Apple_Watch_8_41mm,Cellular,Good,194253215134,Grade A,False
./extracted_data/clarity_dataset_v6\test\Apple_Watch_8_41mm_Cellular_Good\194253215134_Mint_up_20250819_151615_full.jpg,194253215134_Mint_up_20250819_151615_full.jpg,Apple_Watch_8_41mm,Cellular,Good,194253215134,Grade A,False
./extracted_data/clarity_dataset_v6\test\Apple_Watch_8_41mm_Cellular_Good\194253215172_GradeA_down_20250820_085203_full.jpg,194253215172_GradeA_down_20250820_085203_full.jpg,Apple_Watch_8_41mm,Cellular,Good,194253215172,Grade A,False
./extracted_data/clarity_dataset_v6\test\Apple_Watch_8_41mm_Good\194253214977_Mint_down_20250819_151120_full.jpg,194253214977_Mint_down_20250819_151120_full.jpg,Apple_Watch_8,41mm,Good,194253214977,Grade A,False
./extracted_data/clarity_dataset_v6\test\Apple_Watch_8_45mm_Cellular_Good\194253182832_Mint_down_20250819_153644_full.jpg,194253182832_Mint_down_20250819_153644_full.jpg,Apple_Watch_8_45mm,Cellular,Good,194253182832,Grade A,False
./extracted_data/clarity_dataset_v6\test\Apple_Watch_8_45mm_Cellular_Good\194253182832_Mint_up_20250819_153604_full.jpg,194253182832_Mint_up_20250819_153604_full.jpg,Apple_Watch_8_45mm,Cellular,Good,194253182832,Grade A,False
./extracted_data/clarity_dataset_v6\test\Apple_Watch_8_45mm_Cellular_Good\194253215257_Mint_down_20250819_154150_full.jpg,194253215257_Mint_down_20250819_154150_full.jpg,Apple_Watch_8_45mm,Cellular,Good,194253215257,Grade A,False
./extracted_data/clarity_dataset_v6\test\Apple_Watch_8_45mm_Cellular_Good\194253215264_GradeA_up_20250820_085310_full.jpg,194253215264_GradeA_up_20250820_085310_full.jpg,Apple_Watch_8_45mm,Cellular,Good,194253215264,Grade A,False
./extracted_data/clarity_dataset_v6\test\Apple_Watch_8_45mm_Cellular_Good\194253215288_Mint_down_20250819_160251_full.jpg,194253215288_Mint_down_20250819_160251_full.jpg,Apple_Watch_8_45mm,Cellular,Good,194253215288,Grade A,False
./extracted_data/clarity_dataset_v6\test\Apple_Watch_9_41mm_Cellular_Good\194253845393_Mint_down_20250819_155230_full.jpg,194253845393_Mint_down_20250819_155230_full.jpg,Apple_Watch_9_41mm,Cellular,Good,194253845393,Grade A,False
./extracted_data/clarity_dataset_v6\test\Apple_Watch_9_41mm_Cellular_Good\194253845393_Mint_up_20250819_155157_full.jpg,194253845393_Mint_up_20250819_155157_full.jpg,Apple_Watch_9_41mm,Cellular,Good,194253845393,Grade A,False
./extracted_data/clarity_dataset_v6\test\Apple_Watch_9_41mm_Good\194253814269_GradeA_down_20250820_085729_full.jpg,194253814269_GradeA_down_20250820_085729_full.jpg,Apple_Watch_9,41mm,Good,194253814269,Grade A,False
./extracted_data/clarity_dataset_v6\test\Apple_Watch_9_41mm_Good\194253815372_Mint_up_20250819_155504_full.jpg,194253815372_Mint_up_20250819_155504_full.jpg,Apple_Watch_9,41mm,Good,194253815372,Grade A,False
./extracted_data/clarity_dataset_v6\test\Apple_Watch_9_41mm_Good\194253941538_GradeA_down_20250820_090158_full.jpg,194253941538_GradeA_down_20250820_090158_full.jpg,Apple_Watch_9,41mm,Good,194253941538,Grade A,False
./extracted_data/clarity_dataset_v6\test\Apple_Watch_9_41mm_Good\194253941538_Mint_down_20250819_154409_full.jpg,194253941538_Mint_down_20250819_154409_full.jpg,Apple_Watch_9,41mm,Good,194253941538,Grade A,False
./extracted_data/clarity_dataset_v6\test\Apple_Watch_9_41mm_Good\194253941538_Mint_up_20250819_154350_full.jpg,194253941538_Mint_up_20250819_154350_full.jpg,Apple_Watch_9,41mm,Good,194253941538,Grade A,False
./extracted_data/clarity_dataset_v6\test\Apple_Watch_9_45mm_Cellular_Good\194253853817_Mint_down_20250819_154543_full.jpg,194253853817_Mint_down_20250819_154543_full.jpg,Apple_Watch_9_45mm,Cellular,Good,194253853817,Grade A,False
./extracted_data/clarity_dataset_v6\test\Apple_Watch_9_45mm_Cellular_Good\194253853817_Mint_up_20250819_154523_full.jpg,194253853817_Mint_up_20250819_154523_full.jpg,Apple_Watch_9_45mm,Cellular,Good,194253853817,Grade A,False
./extracted_data/clarity_dataset_v6\test\Apple_Watch_9_45mm_Cellular_Good\194253926412_Mint_down_20250819_154717_full.jpg,194253926412_Mint_down_20250819_154717_full.jpg,Apple_Watch_9_45mm,Cellular,Good,194253926412,Grade A,False
./extracted_data/clarity_dataset_v6\test\Apple_Watch_9_45mm_Cellular_Good\194253926757_Mint_up_20250819_165853_full.jpg,194253926757_Mint_up_20250819_165853_full.jpg,Apple_Watch_9_45mm,Cellular,Good,194253926757,Grade A,False
./extracted_data/clarity_dataset_v6\test\Apple_Watch_9_45mm_Counterfeit\194253941606_Counterfeit_up_20250821_105549_full.jpg,194253941606_Counterfeit_up_20250821_105549_full.jpg,Apple_Watch_9,45mm,Counterfeit,194253941606,Counterfeit,True
./extracted_data/clarity_dataset_v6\test\Apple_Watch_9_45mm_Good\194253941606_GradeA_down_20250821_085145_full.jpg,194253941606_GradeA_down_20250821_085145_full.jpg,Apple_Watch_9,45mm,Good,194253941606,Grade A,False
./extracted_data/clarity_dataset_v6\test\Apple_Watch_9_45mm_Good\194253941606_GradeA_up_20250821_085238_full.jpg,194253941606_GradeA_up_20250821_085238_full.jpg,Apple_Watch_9,45mm,Good,194253941606,Grade A,False
./extracted_data/clarity_dataset_v6\test\Apple_Watch_9_45mm_Good\194253941606_GradeA_up_20250821_085250_full.jpg,194253941606_GradeA_up_20250821_085250_full.jpg,Apple_Watch_9,45mm,Good,194253941606,Grade A,False
./extracted_data/clarity_dataset_v6\test\Apple_Watch_9_45mm_Good\194253941606_Mint_down_20250819_154048_full.jpg,194253941606_Mint_down_20250819_154048_full.jpg,Apple_Watch_9,45mm,Good,194253941606,Grade A,False
./extracted_data/clarity_dataset_v6\test\Apple_Watch_9_45mm_Good\194253941613_Mint_down_20250819_160054_full.jpg,194253941613_Mint_down_20250819_160054_full.jpg,Apple_Watch_9,45mm,Good,194253941613,Grade A,False
./extracted_data/clarity_dataset_v6\test\Apple_Watch_9_45mm_Good\194253941613_Mint_up_20250819_155849_full.jpg,194253941613_Mint_up_20250819_155849_full.jpg,Apple_Watch_9,45mm,Good,194253941613,Grade A,False
./extracted_data/clarity_dataset_v6\test\Apple_Watch_9_45mm_Good\194253941668_GradeA_down_20250820_084053_full.jpg,194253941668_GradeA_down_20250820_084053_full.jpg,Apple_Watch_9,45mm,Good,194253941668,Grade A,False
./extracted_data/clarity_dataset_v6\test\Apple_Watch_9_45mm_Good\194253941668_GradeA_up_20250820_084042_full.jpg,194253941668_GradeA_up_20250820_084042_full.jpg,Apple_Watch_9,45mm,Good,194253941668,Grade A,False
./extracted_data/clarity_dataset_v6\test\Apple_Watch_SE_2_40mm_Cellular_Good\194253209546_GradeA_up_20250820_091836_full.jpg,194253209546_GradeA_up_20250820_091836_full.jpg,Apple_Watch_SE_2_40mm,Cellular,Good,194253209546,Grade A,False
./extracted_data/clarity_dataset_v6\test\Apple_Watch_SE_2_40mm_Good\194253769026_GradeA_down_20250820_090540_full.jpg,194253769026_GradeA_down_20250820_090540_full.jpg,Apple_Watch_SE_2,40mm,Good,194253769026,Grade A,False
./extracted_data/clarity_dataset_v6\test\Apple_Watch_SE_2_40mm_Good\194253769767_GradeA_up_20250820_090908_full.jpg,194253769767_GradeA_up_20250820_090908_full.jpg,Apple_Watch_SE_2,40mm,Good,194253769767,Grade A,False
./extracted_data/clarity_dataset_v6\test\Apple_Watch_SE_2_40mm_Good\194253769767_GradeA_up_20250820_090932_full.jpg,194253769767_GradeA_up_20250820_090932_full.jpg,Apple_Watch_SE_2,40mm,Good,194253769767,Grade A,False
./extracted_data/clarity_dataset_v6\test\Apple_Watch_SE_2_40mm_Good\194253770138_Mint_down_20250819_153540_full.jpg,194253770138_Mint_down_20250819_153540_full.jpg,Apple_Watch_SE_2,40mm,Good,194253770138,Grade A,False
./extracted_data/clarity_dataset_v6\test\Apple_Watch_SE_2_40mm_Good\194253770138_Mint_up_20250819_153509_full.jpg,194253770138_Mint_up_20250819_153509_full.jpg,Apple_Watch_SE_2,40mm,Good,194253770138,Grade A,False
./extracted_data/clarity_dataset_v6\test\Apple_Watch_SE_2_44mm_Good\194252618356_GradeA_down_20250820_084251_full.jpg,194252618356_GradeA_down_20250820_084251_full.jpg,Apple_Watch_SE_2,44mm,Good,194252618356,Grade A,False
./extracted_data/clarity_dataset_v6\test\Apple_Watch_SE_2_44mm_Good\194252618356_Mint_up_20250819_160353_full.jpg,194252618356_Mint_up_20250819_160353_full.jpg,Apple_Watch_SE_2,44mm,Good,194252618356,Grade A,False
./extracted_data/clarity_dataset_v6\test\Apple_Watch_SE_2_44mm_Good\194252618356_Mint_up_20250819_160403_full.jpg,194252618356_Mint_up_20250819_160403_full.jpg,Apple_Watch_SE_2,44mm,Good,194252618356,Grade A,False
./extracted_data/clarity_dataset_v6\test\Apple_Watch_SE_2_44mm_Good\194253209485_Mint_up_20250819_155610_full.jpg,194253209485_Mint_up_20250819_155610_full.jpg,Apple_Watch_SE_2,44mm,Good,194253209485,Grade A,False
./extracted_data/clarity_dataset_v6\test\Apple_Watch_SE_2_44mm_Good\194253209485_Mint_up_20250819_155620_full.jpg,194253209485_Mint_up_20250819_155620_full.jpg,Apple_Watch_SE_2,44mm,Good,194253209485,Grade A,False
./extracted_data/clarity_dataset_v6\test\Apple_Watch_SE_2_44mm_Good\194253772354_GradeA_up_20250820_085942_full.jpg,194253772354_GradeA_up_20250820_085942_full.jpg,Apple_Watch_SE_2,44mm,Good,194253772354,Grade A,False
./extracted_data/clarity_dataset_v6\test\Apple_Watch_SE_2_44mm_Good\195949644450_Mint_down_20250819_151511_full.jpg,195949644450_Mint_down_20250819_151511_full.jpg,Apple_Watch_SE_2,44mm,Good,195949644450,Grade A,False
./extracted_data/clarity_dataset_v6\test\Apple_Watch_SE_2_44mm_Good\195949645532_GradeA_down_20250820_091110_full.jpg,195949645532_GradeA_down_20250820_091110_full.jpg,Apple_Watch_SE_2,44mm,Good,195949645532,Grade A,False
./extracted_data/clarity_dataset_v6\test\Beats_Studio3_Counterfeit\190199462748_Counterfeit_up_20250821_095606_full.jpg,190199462748_Counterfeit_up_20250821_095606_full.jpg,Beats,Studio3,Counterfeit,190199462748,Counterfeit,True
./extracted_data/clarity_dataset_v6\test\Beats_Studio3_Good\190199312722_GradeA_down_20250821_081326_full.jpg,190199312722_GradeA_down_20250821_081326_full.jpg,Beats,Studio3,Good,190199312722,Grade A,False
./extracted_data/clarity_dataset_v6\test\Beats_Studio3_Good\190199312722_GradeA_down_20250821_081352_full.jpg,190199312722_GradeA_down_20250821_081352_full.jpg,Beats,Studio3,Good,190199312722,Grade A,False
./extracted_data/clarity_dataset_v6\test\Beats_Studio3_Good\190199312722_GradeA_up_20250821_081115_full.jpg,190199312722_GradeA_up_20250821_081115_full.jpg,Beats,Studio3,Good,190199312722,Grade A,False
./extracted_data/clarity_dataset_v6\test\Beats_Studio3_Good\190199312722_GradeA_up_20250821_081313_full.jpg,190199312722_GradeA_up_20250821_081313_full.jpg,Beats,Studio3,Good,190199312722,Grade A,False
./extracted_data/clarity_dataset_v6\test\iPad_10_Good\194253387442_GradeA_down_20250820_092715_full.jpg,194253387442_GradeA_down_20250820_092715_full.jpg,iPad,10,Good,194253387442,Grade A,False
./extracted_data/clarity_dataset_v6\test\iPad_10_Good\194253387442_Mint_down_20250819_142248_full.jpg,194253387442_Mint_down_20250819_142248_full.jpg,iPad,10,Good,194253387442,Grade A,False
./extracted_data/clarity_dataset_v6\test\iPad_10_Good\194253387442_Mint_up_20250819_150334_full.jpg,194253387442_Mint_up_20250819_150334_full.jpg,iPad,10,Good,194253387442,Grade A,False
./extracted_data/clarity_dataset_v6\test\iPad_10_Good\194253387718_GradeA_down_20250820_092218_full.jpg,194253387718_GradeA_down_20250820_092218_full.jpg,iPad,10,Good,194253387718,Grade A,False
./extracted_data/clarity_dataset_v6\test\iPad_10_Good\194253389873_GradeA_down_20250820_092847_full.jpg,194253389873_GradeA_down_20250820_092847_full.jpg,iPad,10,Good,194253389873,Grade A,False
./extracted_data/clarity_dataset_v6\test\iPad_10_Good\194253390145_GradeA_down_20250820_120903_full.jpg,194253390145_GradeA_down_20250820_120903_full.jpg,iPad,10,Good,194253390145,Grade A,False
./extracted_data/clarity_dataset_v6\test\iPad_10_Good\194253390145_Mint_down_20250819_145956_full.jpg,194253390145_Mint_down_20250819_145956_full.jpg,iPad,10,Good,194253390145,Grade A,False
./extracted_data/clarity_dataset_v6\test\iPad_10_Good\194253390145_Mint_up_20250819_145926_full.jpg,194253390145_Mint_up_20250819_145926_full.jpg,iPad,10,Good,194253390145,Grade A,False
./extracted_data/clarity_dataset_v6\test\iPad_10_Good\194253390145_Mint_up_20250819_145945_full.jpg,194253390145_Mint_up_20250819_145945_full.jpg,iPad,10,Good,194253390145,Grade A,False
./extracted_data/clarity_dataset_v6\test\iPad_10_Good\194253390411_GradeA_down_20250820_102709_full.jpg,194253390411_GradeA_down_20250820_102709_full.jpg,iPad,10,Good,194253390411,Grade A,False
./extracted_data/clarity_dataset_v6\test\iPad_10_Good\194253390411_GradeA_up_20250820_102615_full.jpg,194253390411_GradeA_up_20250820_102615_full.jpg,iPad,10,Good,194253390411,Grade A,False
./extracted_data/clarity_dataset_v6\test\iPad_10_Good\194253390411_GradeA_up_20250820_102628_full.jpg,194253390411_GradeA_up_20250820_102628_full.jpg,iPad,10,Good,194253390411,Grade A,False
./extracted_data/clarity_dataset_v6\test\iPad_11_Good\195950084931_GradeA_down_20250820_120512_full.jpg,195950084931_GradeA_down_20250820_120512_full.jpg,iPad,11,Good,195950084931,Grade A,False
./extracted_data/clarity_dataset_v6\test\iPad_11_Good\195950084931_GradeA_down_20250821_082617_full.jpg,195950084931_GradeA_down_20250821_082617_full.jpg,iPad,11,Good,195950084931,Grade A,False
./extracted_data/clarity_dataset_v6\test\iPad_11_Good\195950084931_GradeA_down_20250821_082735_full.jpg,195950084931_GradeA_down_20250821_082735_full.jpg,iPad,11,Good,195950084931,Grade A,False
./extracted_data/clarity_dataset_v6\test\iPad_11_Good\195950084931_GradeA_up_20250820_120459_full.jpg,195950084931_GradeA_up_20250820_120459_full.jpg,iPad,11,Good,195950084931,Grade A,False
./extracted_data/clarity_dataset_v6\test\iPad_11_Good\195950084931_GradeA_up_20250821_082705_full.jpg,195950084931_GradeA_up_20250821_082705_full.jpg,iPad,11,Good,195950084931,Grade A,False
./extracted_data/clarity_dataset_v6\test\iPad_11_Good\195950084931_Mint_down_20250819_150946_full.jpg,195950084931_Mint_down_20250819_150946_full.jpg,iPad,11,Good,195950084931,Grade A,False
./extracted_data/clarity_dataset_v6\test\iPad_11_Good\195950084931_Mint_down_20250819_150956_full.jpg,195950084931_Mint_down_20250819_150956_full.jpg,iPad,11,Good,195950084931,Grade A,False
./extracted_data/clarity_dataset_v6\test\iPad_11_Good\195950086232_GradeA_down_20250820_093215_full.jpg,195950086232_GradeA_down_20250820_093215_full.jpg,iPad,11,Good,195950086232,Grade A,False
./extracted_data/clarity_dataset_v6\test\iPad_11_Good\195950086232_GradeA_up_20250820_093118_full.jpg,195950086232_GradeA_up_20250820_093118_full.jpg,iPad,11,Good,195950086232,Grade A,False
./extracted_data/clarity_dataset_v6\test\iPad_11_Good\195950086690_GradeA_down_20250820_093858_full.jpg,195950086690_GradeA_down_20250820_093858_full.jpg,iPad,11,Good,195950086690,Grade A,False
./extracted_data/clarity_dataset_v6\test\iPad_11_Good\195950087383_GradeA_down_20250820_094140_full.jpg,195950087383_GradeA_down_20250820_094140_full.jpg,iPad,11,Good,195950087383,Grade A,False
./extracted_data/clarity_dataset_v6\test\iPad_11_Good\195950087383_GradeA_up_20250820_094100_full.jpg,195950087383_GradeA_up_20250820_094100_full.jpg,iPad,11,Good,195950087383,Grade A,False
./extracted_data/clarity_dataset_v6\test\iPad_11_Good\195950087383_Mint_down_20250819_150744_full.jpg,195950087383_Mint_down_20250819_150744_full.jpg,iPad,11,Good,195950087383,Grade A,False
./extracted_data/clarity_dataset_v6\test\iPad_11_Good\195950087383_Mint_up_20250819_150654_full.jpg,195950087383_Mint_up_20250819_150654_full.jpg,iPad,11,Good,195950087383,Grade A,False
./extracted_data/clarity_dataset_v6\test\iPad_9_Good\194252516461_Mint_down_20250819_141712_full.jpg,194252516461_Mint_down_20250819_141712_full.jpg,iPad,9,Good,194252516461,Grade A,False
./extracted_data/clarity_dataset_v6\test\iPad_9_Good\194252516461_Mint_up_20250819_141651_full.jpg,194252516461_Mint_up_20250819_141651_full.jpg,iPad,9,Good,194252516461,Grade A,False
./extracted_data/clarity_dataset_v6\test\iPad_9_Good\194252516737_GradeA_down_20250820_113822_full.jpg,194252516737_GradeA_down_20250820_113822_full.jpg,iPad,9,Good,194252516737,Grade A,False
./extracted_data/clarity_dataset_v6\test\iPad_9_Good\194252516737_GradeA_down_20250820_113849_full.jpg,194252516737_GradeA_down_20250820_113849_full.jpg,iPad,9,Good,194252516737,Grade A,False
./extracted_data/clarity_dataset_v6\test\iPad_Air_5_Good\194252793367_Mint_down_20250819_150456_full.jpg,194252793367_Mint_down_20250819_150456_full.jpg,iPad_Air,5,Good,194252793367,Grade A,False
./extracted_data/clarity_dataset_v6\test\iPad_Air_5_Good\194252793367_Mint_up_20250819_150435_full.jpg,194252793367_Mint_up_20250819_150435_full.jpg,iPad_Air,5,Good,194252793367,Grade A,False
./extracted_data/clarity_dataset_v6\test\iPad_Air_5_Good\194252795132_GradeA_down_20250820_095011_full.jpg,194252795132_GradeA_down_20250820_095011_full.jpg,iPad_Air,5,Good,194252795132,Grade A,False
./extracted_data/clarity_dataset_v6\test\iPad_Air_5_Good\194252795132_GradeA_up_20250820_094933_full.jpg,194252795132_GradeA_up_20250820_094933_full.jpg,iPad_Air,5,Good,194252795132,Grade A,False
./extracted_data/clarity_dataset_v6\test\iPad_Air_5_Good\194252795408_Mint_up_20250819_145526_full.jpg,194252795408_Mint_up_20250819_145526_full.jpg,iPad_Air,5,Good,194252795408,Grade A,False
./extracted_data/clarity_dataset_v6\test\iPad_Air_5_Good\194252796757_GradeA_down_20250820_095335_full.jpg,194252796757_GradeA_down_20250820_095335_full.jpg,iPad_Air,5,Good,194252796757,Grade A,False
./extracted_data/clarity_dataset_v6\test\iPad_Air_5_Good\194252796757_GradeA_down_20250820_095404_full.jpg,194252796757_GradeA_down_20250820_095404_full.jpg,iPad_Air,5,Good,194252796757,Grade A,False
./extracted_data/clarity_dataset_v6\test\iPad_Air_5_Good\194252796757_GradeA_down_20250821_082250_full.jpg,194252796757_GradeA_down_20250821_082250_full.jpg,iPad_Air,5,Good,194252796757,Grade A,False
./extracted_data/clarity_dataset_v6\test\iPad_Air_5_Good\194252796757_GradeA_up_20250821_082230_full.jpg,194252796757_GradeA_up_20250821_082230_full.jpg,iPad_Air,5,Good,194252796757,Grade A,False
./extracted_data/clarity_dataset_v6\test\iPad_Air_5_Good\194252796757_GradeA_up_20250821_082241_full.jpg,194252796757_GradeA_up_20250821_082241_full.jpg,iPad_Air,5,Good,194252796757,Grade A,False
./extracted_data/clarity_dataset_v6\test\iPad_Air_6_11-inch_Good\195949188138_Mint_down_20250819_150620_full.jpg,195949188138_Mint_down_20250819_150620_full.jpg,iPad_Air_6,11-inch,Good,195949188138,Grade A,False
./extracted_data/clarity_dataset_v6\test\iPad_Air_6_11-inch_Good\195949191107_GradeA_up_20250821_081926_full.jpg,195949191107_GradeA_up_20250821_081926_full.jpg,iPad_Air_6,11-inch,Good,195949191107,Grade A,False
./extracted_data/clarity_dataset_v6\test\iPad_Air_6_11-inch_Good\195949191107_GradeA_up_20250821_081937_full.jpg,195949191107_GradeA_up_20250821_081937_full.jpg,iPad_Air_6,11-inch,Good,195949191107,Grade A,False
./extracted_data/clarity_dataset_v6\test\iPad_Air_6_11-inch_Good\195949191107_GradeA_up_20250821_082120_full.jpg,195949191107_GradeA_up_20250821_082120_full.jpg,iPad_Air_6,11-inch,Good,195949191107,Grade A,False
./extracted_data/clarity_dataset_v6\test\iPad_Air_6_13-inch_Counterfeit\195949251313_Counterfeit_up_20250821_103828_full.jpg,195949251313_Counterfeit_up_20250821_103828_full.jpg,iPad_Air_6,13-inch,Counterfeit,195949251313,Counterfeit,True
./extracted_data/clarity_dataset_v6\test\iPad_Air_6_13-inch_Good\195949253256_Mint_down_20250819_144910_full.jpg,195949253256_Mint_down_20250819_144910_full.jpg,iPad_Air_6,13-inch,Good,195949253256,Grade A,False
./extracted_data/clarity_dataset_v6\test\iPad_Air_6_13-inch_Good\195949253256_Mint_up_20250819_144848_full.jpg,195949253256_Mint_up_20250819_144848_full.jpg,iPad_Air_6,13-inch,Good,195949253256,Grade A,False
./extracted_data/clarity_dataset_v6\test\iPad_Air_6_13-inch_Good\195949253256_Mint_up_20250819_144900_full.jpg,195949253256_Mint_up_20250819_144900_full.jpg,iPad_Air_6,13-inch,Good,195949253256,Grade A,False
./extracted_data/clarity_dataset_v6\test\iPad_Air_6_13-inch_Good\195949254062_Mint_down_20250819_142406_full.jpg,195949254062_Mint_down_20250819_142406_full.jpg,iPad_Air_6,13-inch,Good,195949254062,Grade A,False
./extracted_data/clarity_dataset_v6\test\iPad_Air_6_13-inch_Good\195949254062_Mint_up_20250819_142325_full.jpg,195949254062_Mint_up_20250819_142325_full.jpg,iPad_Air_6,13-inch,Good,195949254062,Grade A,False
./extracted_data/clarity_dataset_v6\test\iPad_Air_7_11-inch_Good\195949997266_GradeA_down_20250820_095701_full.jpg,195949997266_GradeA_down_20250820_095701_full.jpg,iPad_Air_7,11-inch,Good,195949997266,Grade A,False
./extracted_data/clarity_dataset_v6\test\iPad_Air_7_11-inch_Good\195949997266_GradeA_up_20250820_095605_full.jpg,195949997266_GradeA_up_20250820_095605_full.jpg,iPad_Air_7,11-inch,Good,195949997266,Grade A,False
./extracted_data/clarity_dataset_v6\test\iPad_Air_7_11-inch_Good\195949997495_GradeA_down_20250820_100833_full.jpg,195949997495_GradeA_down_20250820_100833_full.jpg,iPad_Air_7,11-inch,Good,195949997495,Grade A,False
./extracted_data/clarity_dataset_v6\test\iPad_Air_7_11-inch_Good\195949997495_Mint_up_20250819_142608_full.jpg,195949997495_Mint_up_20250819_142608_full.jpg,iPad_Air_7,11-inch,Good,195949997495,Grade A,False
./extracted_data/clarity_dataset_v6\test\iPad_Mini_6_Counterfeit\194252527962_Counterfeit_up_20250821_104316_full.jpg,194252527962_Counterfeit_up_20250821_104316_full.jpg,iPad_Mini,6,Counterfeit,194252527962,Counterfeit,True
./extracted_data/clarity_dataset_v6\test\iPad_Mini_6_Good\194252525999_GradeA_down_20250821_083045_full.jpg,194252525999_GradeA_down_20250821_083045_full.jpg,iPad_Mini,6,Good,194252525999,Grade A,False
./extracted_data/clarity_dataset_v6\test\iPad_Mini_6_Good\194252525999_GradeA_up_20250821_083013_full.jpg,194252525999_GradeA_up_20250821_083013_full.jpg,iPad_Mini,6,Good,194252525999,Grade A,False
./extracted_data/clarity_dataset_v6\test\iPad_Mini_6_Good\194252527962_GradeA_down_20250821_082948_full.jpg,194252527962_GradeA_down_20250821_082948_full.jpg,iPad_Mini,6,Good,194252527962,Grade A,False
./extracted_data/clarity_dataset_v6\test\iPad_Mini_6_Good\194252528501_GradeA_down_20250821_083226_full.jpg,194252528501_GradeA_down_20250821_083226_full.jpg,iPad_Mini,6,Good,194252528501,Grade A,False
./extracted_data/clarity_dataset_v6\test\iPad_Mini_7_Good\195949728235_GradeA_down_20250820_095935_full.jpg,195949728235_GradeA_down_20250820_095935_full.jpg,iPad_Mini,7,Good,195949728235,Grade A,False
./extracted_data/clarity_dataset_v6\test\iPad_Mini_7_Good\195949728969_GradeA_down_20250820_102450_full.jpg,195949728969_GradeA_down_20250820_102450_full.jpg,iPad_Mini,7,Good,195949728969,Grade A,False
./extracted_data/clarity_dataset_v6\test\iPad_Mini_7_Good\195949728969_GradeA_up_20250820_102425_full.jpg,195949728969_GradeA_up_20250820_102425_full.jpg,iPad_Mini,7,Good,195949728969,Grade A,False
./extracted_data/clarity_dataset_v6\test\iPad_Mini_7_Good\195949728969_Mint_down_20250819_143031_full.jpg,195949728969_Mint_down_20250819_143031_full.jpg,iPad_Mini,7,Good,195949728969,Grade A,False
./extracted_data/clarity_dataset_v6\test\iPad_Mini_7_Good\195949729195_GradeA_down_20250820_095832_full.jpg,195949729195_GradeA_down_20250820_095832_full.jpg,iPad_Mini,7,Good,195949729195,Grade A,False
./extracted_data/clarity_dataset_v6\test\iPad_Mini_7_Good\195949729195_GradeA_up_20250820_095743_full.jpg,195949729195_GradeA_up_20250820_095743_full.jpg,iPad_Mini,7,Good,195949729195,Grade A,False
./extracted_data/clarity_dataset_v6\test\iPad_Mini_7_Good\195949729652_GradeA_down_20250820_100326_full.jpg,195949729652_GradeA_down_20250820_100326_full.jpg,iPad_Mini,7,Good,195949729652,Grade A,False
./extracted_data/clarity_dataset_v6\test\iPad_Mini_7_Good\195949730573_Mint_down_20250819_143208_full.jpg,195949730573_Mint_down_20250819_143208_full.jpg,iPad_Mini,7,Good,195949730573,Grade A,False
./extracted_data/clarity_dataset_v6\test\iPad_Mini_7_Good\195949730573_Mint_up_20250819_143134_full.jpg,195949730573_Mint_up_20250819_143134_full.jpg,iPad_Mini,7,Good,195949730573,Grade A,False
./extracted_data/clarity_dataset_v6\test\iPad_Mini_7_Good\195949751851_Mint_up_20250819_142845_full.jpg,195949751851_Mint_up_20250819_142845_full.jpg,iPad_Mini,7,Good,195949751851,Grade A,False
./extracted_data/clarity_dataset_v6\test\iPad_Pro_4_11-inch_Counterfeit\194253264606_Counterfeit_up_20250821_095935_full.jpg,194253264606_Counterfeit_up_20250821_095935_full.jpg,iPad_Pro_4,11-inch,Counterfeit,194253264606,Counterfeit,True
./extracted_data/clarity_dataset_v6\test\iPad_Pro_4_12.9-inch_Good\190199653511_GradeA_down_20250821_081818_full.jpg,190199653511_GradeA_down_20250821_081818_full.jpg,iPad_Pro_4,12.9-inch,Good,190199653511,Grade A,False
./extracted_data/clarity_dataset_v6\test\iPad_Pro_6_12.9-inch_Good\194253240815_GradeA_down_20250820_092349_full.jpg,194253240815_GradeA_down_20250820_092349_full.jpg,iPad_Pro_6,12.9-inch,Good,194253240815,Grade A,False
./extracted_data/clarity_dataset_v6\test\iPad_Pro_6_12.9-inch_Good\194253240815_GradeA_down_20250820_092402_full.jpg,194253240815_GradeA_down_20250820_092402_full.jpg,iPad_Pro_6,12.9-inch,Good,194253240815,Grade A,False
./extracted_data/clarity_dataset_v6\test\iPad_Pro_6_12.9-inch_Good\194253241393_GradeA_up_20250820_115119_full.jpg,194253241393_GradeA_up_20250820_115119_full.jpg,iPad_Pro_6,12.9-inch,Good,194253241393,Grade A,False
./extracted_data/clarity_dataset_v6\test\iPad_Pro_6_12.9-inch_Good\194253241393_GradeA_up_20250820_115133_full.jpg,194253241393_GradeA_up_20250820_115133_full.jpg,iPad_Pro_6,12.9-inch,Good,194253241393,Grade A,False
./extracted_data/clarity_dataset_v6\test\iPad_Pro_6_12.9-inch_Good\194253241393_Mint_up_20250819_142445_full.jpg,194253241393_Mint_up_20250819_142445_full.jpg,iPad_Pro_6,12.9-inch,Good,194253241393,Grade A,False
./extracted_data/clarity_dataset_v6\test\iPad_Pro_6_12.9-inch_Good\194253241669_GradeA_down_20250820_092549_full.jpg,194253241669_GradeA_down_20250820_092549_full.jpg,iPad_Pro_6,12.9-inch,Good,194253241669,Grade A,False
./extracted_data/clarity_dataset_v6\test\iPad_Pro_7_13-inch_Good\195949238635_GradeA_down_20250820_114918_full.jpg,195949238635_GradeA_down_20250820_114918_full.jpg,iPad_Pro_7,13-inch,Good,195949238635,Grade A,False
./extracted_data/clarity_dataset_v6\test\iPad_Pro_7_13-inch_Good\195949238901_GradeA_down_20250820_115037_full.jpg,195949238901_GradeA_down_20250820_115037_full.jpg,iPad_Pro_7,13-inch,Good,195949238901,Grade A,False
./extracted_data/clarity_dataset_v6\test\iPad_Pro_7_13-inch_Good\195949238901_GradeA_down_20250820_115052_full.jpg,195949238901_GradeA_down_20250820_115052_full.jpg,iPad_Pro_7,13-inch,Good,195949238901,Grade A,False
./extracted_data/clarity_dataset_v6\test\iPad_Pro_7_13-inch_Good\195949238901_GradeA_up_20250820_114953_full.jpg,195949238901_GradeA_up_20250820_114953_full.jpg,iPad_Pro_7,13-inch,Good,195949238901,Grade A,False
./extracted_data/clarity_dataset_v6\test\iPad_Pro_7_13-inch_Good\195949239717_GradeA_down_20250820_114648_full.jpg,195949239717_GradeA_down_20250820_114648_full.jpg,iPad_Pro_7,13-inch,Good,195949239717,Grade A,False
./extracted_data/clarity_dataset_v6\test\iPad_Pro_7_13-inch_Good\195949239717_Mint_up_20250819_144707_full.jpg,195949239717_Mint_up_20250819_144707_full.jpg,iPad_Pro_7,13-inch,Good,195949239717,Grade A,False
./extracted_data/clarity_dataset_v6\test\iPad_Pro_7_13-inch_Good\195949240522_GradeA_down_20250820_115348_full.jpg,195949240522_GradeA_down_20250820_115348_full.jpg,iPad_Pro_7,13-inch,Good,195949240522,Grade A,False
./extracted_data/clarity_dataset_v6\test\iPad_Pro_7_13-inch_Good\195949240522_GradeA_up_20250820_115305_full.jpg,195949240522_GradeA_up_20250820_115305_full.jpg,iPad_Pro_7,13-inch,Good,195949240522,Grade A,False
./extracted_data/clarity_dataset_v6\test\iPad_Pro_7_13-inch_Good\195949467790_GradeA_down_20250820_114336_full.jpg,195949467790_GradeA_down_20250820_114336_full.jpg,iPad_Pro_7,13-inch,Good,195949467790,Grade A,False
./extracted_data/clarity_dataset_v6\test\iPad_Pro_7_13-inch_Good\195949467790_Mint_down_20250819_144600_full.jpg,195949467790_Mint_down_20250819_144600_full.jpg,iPad_Pro_7,13-inch,Good,195949467790,Grade A,False
./extracted_data/clarity_dataset_v6\test\iPad_Pro_7_13-inch_Good\195949468025_GradeA_down_20250820_114000_full.jpg,195949468025_GradeA_down_20250820_114000_full.jpg,iPad_Pro_7,13-inch,Good,195949468025,Grade A,False
./extracted_data/clarity_dataset_v6\test\iPad_Pro_7_13-inch_Good\195949468254_GradeA_down_20250820_092033_full.jpg,195949468254_GradeA_down_20250820_092033_full.jpg,iPad_Pro_7,13-inch,Good,195949468254,Grade A,False
./extracted_data/clarity_dataset_v6\test\iPad_Pro_7_13-inch_Good\195949468254_GradeA_up_20250820_092007_full.jpg,195949468254_GradeA_up_20250820_092007_full.jpg,iPad_Pro_7,13-inch,Good,195949468254,Grade A,False
./extracted_data/clarity_dataset_v6\test\iPhone_12_Good\194252028698_GradeA_up_20250819_113656_full.jpg,194252028698_GradeA_up_20250819_113656_full.jpg,iPhone,12,Good,194252028698,Grade A,False
./extracted_data/clarity_dataset_v6\test\iPhone_12_Good\194252869567_Mint_up_20250819_111958_full.jpg,194252869567_Mint_up_20250819_111958_full.jpg,iPhone,12,Good,194252869567,Grade A,False
./extracted_data/clarity_dataset_v6\test\iPhone_12_Good\194252869567_Mint_up_20250819_112008_full.jpg,194252869567_Mint_up_20250819_112008_full.jpg,iPhone,12,Good,194252869567,Grade A,False
./extracted_data/clarity_dataset_v6\test\iPhone_12_Good\194252869581_GradeA_down_20250819_113940_full.jpg,194252869581_GradeA_down_20250819_113940_full.jpg,iPhone,12,Good,194252869581,Grade A,False
./extracted_data/clarity_dataset_v6\test\iPhone_12_Good\194252869581_GradeA_down_20250819_114000_full.jpg,194252869581_GradeA_down_20250819_114000_full.jpg,iPhone,12,Good,194252869581,Grade A,False
./extracted_data/clarity_dataset_v6\test\iPhone_12_Good\194252869598_GradeA_up_20250819_113217_full.jpg,194252869598_GradeA_up_20250819_113217_full.jpg,iPhone,12,Good,194252869598,Grade A,False
./extracted_data/clarity_dataset_v6\test\iPhone_12_Good\194252869598_Mint_down_20250819_110546_full.jpg,194252869598_Mint_down_20250819_110546_full.jpg,iPhone,12,Good,194252869598,Grade A,False
./extracted_data/clarity_dataset_v6\test\iPhone_13_Good\194252702918_GradeA_down_20250819_114725_full.jpg,194252702918_GradeA_down_20250819_114725_full.jpg,iPhone,13,Good,194252702918,Grade A,False
./extracted_data/clarity_dataset_v6\test\iPhone_13_Good\194252702918_GradeA_up_20250819_114714_full.jpg,194252702918_GradeA_up_20250819_114714_full.jpg,iPhone,13,Good,194252702918,Grade A,False
./extracted_data/clarity_dataset_v6\test\iPhone_13_Good\194252705391_Mint_down_20250819_110758_full.jpg,194252705391_Mint_down_20250819_110758_full.jpg,iPhone,13,Good,194252705391,Grade A,False
./extracted_data/clarity_dataset_v6\test\iPhone_13_Good\194252705391_Mint_down_20250819_111857_full.jpg,194252705391_Mint_down_20250819_111857_full.jpg,iPhone,13,Good,194252705391,Grade A,False
./extracted_data/clarity_dataset_v6\test\iPhone_13_Good\194252705391_Mint_down_20250819_111906_full.jpg,194252705391_Mint_down_20250819_111906_full.jpg,iPhone,13,Good,194252705391,Grade A,False
./extracted_data/clarity_dataset_v6\test\iPhone_13_Pro_Max_Good\194252694633_Mint_up_20250819_111256_full.jpg,194252694633_Mint_up_20250819_111256_full.jpg,iPhone_13_Pro,Max,Good,194252694633,Grade A,False
./extracted_data/clarity_dataset_v6\test\iPhone_14_Good\194253407980_GradeA_down_20250819_114109_full.jpg,194253407980_GradeA_down_20250819_114109_full.jpg,iPhone,14,Good,194253407980,Grade A,False
./extracted_data/clarity_dataset_v6\test\iPhone_14_Good\194253407980_GradeA_up_20250819_113530_full.jpg,194253407980_GradeA_up_20250819_113530_full.jpg,iPhone,14,Good,194253407980,Grade A,False
./extracted_data/clarity_dataset_v6\test\iPhone_14_Good\194253407980_GradeA_up_20250819_113540_full.jpg,194253407980_GradeA_up_20250819_113540_full.jpg,iPhone,14,Good,194253407980,Grade A,False
./extracted_data/clarity_dataset_v6\test\iPhone_14_Good\194253407980_GradeA_up_20250819_114026_full.jpg,194253407980_GradeA_up_20250819_114026_full.jpg,iPhone,14,Good,194253407980,Grade A,False
./extracted_data/clarity_dataset_v6\test\iPhone_14_Good\194253407980_Mint_down_20250819_111757_full.jpg,194253407980_Mint_down_20250819_111757_full.jpg,iPhone,14,Good,194253407980,Grade A,False
./extracted_data/clarity_dataset_v6\test\iPhone_14_Pro_Good\194253399469_Mint_down_20250819_105422_full.jpg,194253399469_Mint_down_20250819_105422_full.jpg,iPhone_14,Pro,Good,194253399469,Grade A,False
./extracted_data/clarity_dataset_v6\test\iPhone_14_Pro_Good\194253399469_Mint_up_20250819_105336_full.jpg,194253399469_Mint_up_20250819_105336_full.jpg,iPhone_14,Pro,Good,194253399469,Grade A,False
./extracted_data/clarity_dataset_v6\test\iPhone_14_Pro_Good\194253400905_GradeA_down_20250819_113112_full.jpg,194253400905_GradeA_down_20250819_113112_full.jpg,iPhone_14,Pro,Good,194253400905,Grade A,False
./extracted_data/clarity_dataset_v6\test\iPhone_14_Pro_Good\194253400905_GradeA_down_20250819_113122_full.jpg,194253400905_GradeA_down_20250819_113122_full.jpg,iPhone_14,Pro,Good,194253400905,Grade A,False
./extracted_data/clarity_dataset_v6\test\iPhone_14_Pro_Good\194253400905_GradeA_up_20250819_114533_full.jpg,194253400905_GradeA_up_20250819_114533_full.jpg,iPhone_14,Pro,Good,194253400905,Grade A,False
./extracted_data/clarity_dataset_v6\test\iPhone_14_Pro_Good\194253403210_GradeA_down_20250819_112859_full.jpg,194253403210_GradeA_down_20250819_112859_full.jpg,iPhone_14,Pro,Good,194253403210,Grade A,False
./extracted_data/clarity_dataset_v6\test\iPhone_15_Counterfeit\195949035005_Counterfeit_up_20250821_093758_full.jpg,195949035005_Counterfeit_up_20250821_093758_full.jpg,iPhone,15,Counterfeit,195949035005,Counterfeit,True
./extracted_data/clarity_dataset_v6\test\iPhone_15_Good\195949035005_GradeA_down_20250819_113006_full.jpg,195949035005_GradeA_down_20250819_113006_full.jpg,iPhone,15,Good,195949035005,Grade A,False
./extracted_data/clarity_dataset_v6\test\iPhone_15_Good\195949035005_GradeA_down_20250819_114904_full.jpg,195949035005_GradeA_down_20250819_114904_full.jpg,iPhone,15,Good,195949035005,Grade A,False
./extracted_data/clarity_dataset_v6\test\iPhone_15_Good\195949035005_GradeA_down_20250821_072742_full.jpg,195949035005_GradeA_down_20250821_072742_full.jpg,iPhone,15,Good,195949035005,Grade A,False
./extracted_data/clarity_dataset_v6\test\iPhone_15_Good\195949035005_GradeA_up_20250819_112609_full.jpg,195949035005_GradeA_up_20250819_112609_full.jpg,iPhone,15,Good,195949035005,Grade A,False
./extracted_data/clarity_dataset_v6\test\iPhone_15_Good\195949035005_GradeA_up_20250819_112925_full.jpg,195949035005_GradeA_up_20250819_112925_full.jpg,iPhone,15,Good,195949035005,Grade A,False
./extracted_data/clarity_dataset_v6\test\iPhone_15_Good\195949035005_GradeA_up_20250819_114814_full.jpg,195949035005_GradeA_up_20250819_114814_full.jpg,iPhone,15,Good,195949035005,Grade A,False
./extracted_data/clarity_dataset_v6\test\iPhone_15_Good\195949035005_GradeA_up_20250821_072712_full.jpg,195949035005_GradeA_up_20250821_072712_full.jpg,iPhone,15,Good,195949035005,Grade A,False
./extracted_data/clarity_dataset_v6\test\iPhone_15_Good\195949035005_GradeA_up_20250821_073131_full.jpg,195949035005_GradeA_up_20250821_073131_full.jpg,iPhone,15,Good,195949035005,Grade A,False
./extracted_data/clarity_dataset_v6\test\iPhone_15_Pro_Good\195949017612_Mint_down_20250819_111621_full.jpg,195949017612_Mint_down_20250819_111621_full.jpg,iPhone_15,Pro,Good,195949017612,Grade A,False
./extracted_data/clarity_dataset_v6\test\iPhone_16_Counterfeit\195949820908_Counterfeit_up_20250821_093509_full.jpg,195949820908_Counterfeit_up_20250821_093509_full.jpg,iPhone,16,Counterfeit,195949820908,Counterfeit,True
./extracted_data/clarity_dataset_v6\test\iPhone_16_Good\195949820908_GradeA_down_20250821_072350_full.jpg,195949820908_GradeA_down_20250821_072350_full.jpg,iPhone,16,Good,195949820908,Grade A,False
./extracted_data/clarity_dataset_v6\test\iPhone_16_Good\195949820908_GradeA_down_20250821_072506_full.jpg,195949820908_GradeA_down_20250821_072506_full.jpg,iPhone,16,Good,195949820908,Grade A,False
./extracted_data/clarity_dataset_v6\test\iPhone_16_Good\195949820908_GradeA_up_20250821_072321_full.jpg,195949820908_GradeA_up_20250821_072321_full.jpg,iPhone,16,Good,195949820908,Grade A,False
./extracted_data/clarity_dataset_v6\test\iPhone_16_Good\195949820939_GradeA_down_20250821_072221_full.jpg,195949820939_GradeA_down_20250821_072221_full.jpg,iPhone,16,Good,195949820939,Grade A,False
./extracted_data/clarity_dataset_v6\test\iPhone_16_Good\195949820939_GradeA_up_20250821_072202_full.jpg,195949820939_GradeA_up_20250821_072202_full.jpg,iPhone,16,Good,195949820939,Grade A,False
./extracted_data/clarity_dataset_v6\test\iPhone_16_Pro_Counterfeit\195949770234_Counterfeit_up_20250821_092730_full.jpg,195949770234_Counterfeit_up_20250821_092730_full.jpg,iPhone_16,Pro,Counterfeit,195949770234,Counterfeit,True
./extracted_data/clarity_dataset_v6\test\iPhone_16_Pro_Good\195949770234_GradeA_down_20250821_071109_full.jpg,195949770234_GradeA_down_20250821_071109_full.jpg,iPhone_16,Pro,Good,195949770234,Grade A,False
./extracted_data/clarity_dataset_v6\test\iPhone_16_Pro_Good\195949770234_GradeA_down_20250821_071250_full.jpg,195949770234_GradeA_down_20250821_071250_full.jpg,iPhone_16,Pro,Good,195949770234,Grade A,False
./extracted_data/clarity_dataset_v6\test\iPhone_16_Pro_Good\195949770234_GradeA_down_20250821_071418_full.jpg,195949770234_GradeA_down_20250821_071418_full.jpg,iPhone_16,Pro,Good,195949770234,Grade A,False
./extracted_data/clarity_dataset_v6\test\iPhone_16_Pro_Good\195949770234_GradeA_up_20250821_071231_full.jpg,195949770234_GradeA_up_20250821_071231_full.jpg,iPhone_16,Pro,Good,195949770234,Grade A,False
./extracted_data/clarity_dataset_v6\test\iPhone_16_Pro_Max_Counterfeit\195949805066_Counterfeit_down_20250821_093321_full.jpg,195949805066_Counterfeit_down_20250821_093321_full.jpg,iPhone_16_Pro,Max,Counterfeit,195949805066,Counterfeit,True
./extracted_data/clarity_dataset_v6\test\iPhone_16_Pro_Max_Good\195949805042_GradeA_down_20250821_071753_full.jpg,195949805042_GradeA_down_20250821_071753_full.jpg,iPhone_16_Pro,Max,Good,195949805042,Grade A,False
./extracted_data/clarity_dataset_v6\test\iPhone_16_Pro_Max_Good\195949805042_GradeA_down_20250821_071919_full.jpg,195949805042_GradeA_down_20250821_071919_full.jpg,iPhone_16_Pro,Max,Good,195949805042,Grade A,False
./extracted_data/clarity_dataset_v6\test\iPhone_16_Pro_Max_Good\195949805042_GradeA_up_20250821_071722_full.jpg,195949805042_GradeA_up_20250821_071722_full.jpg,iPhone_16_Pro,Max,Good,195949805042,Grade A,False
./extracted_data/clarity_dataset_v6\test\iPhone_16_Pro_Max_Good\195949805042_GradeA_up_20250821_072020_full.jpg,195949805042_GradeA_up_20250821_072020_full.jpg,iPhone_16_Pro,Max,Good,195949805042,Grade A,False
./extracted_data/clarity_dataset_v6\test\iPhone_16_Pro_Max_Good\195949805042_Mint_down_20250819_111222_full.jpg,195949805042_Mint_down_20250819_111222_full.jpg,iPhone_16_Pro,Max,Good,195949805042,Grade A,False
./extracted_data/clarity_dataset_v6\test\iPhone_16_Pro_Max_Good\195949805073_GradeA_down_20250819_113402_full.jpg,195949805073_GradeA_down_20250819_113402_full.jpg,iPhone_16_Pro,Max,Good,195949805073,Grade A,False
./extracted_data/clarity_dataset_v6\test\MacBook_M1_Air_13.3-inch_Counterfeit\194252048955_Counterfeit_up_20250821_105104_full.jpg,194252048955_Counterfeit_up_20250821_105104_full.jpg,MacBook_M1_Air,13.3-inch,Counterfeit,194252048955,Counterfeit,True
./extracted_data/clarity_dataset_v6\test\MacBook_M1_Air_13.3-inch_Good\194252048955_GradeA_down_20250820_095219_full.jpg,194252048955_GradeA_down_20250820_095219_full.jpg,MacBook_M1_Air,13.3-inch,Good,194252048955,Grade A,False
./extracted_data/clarity_dataset_v6\test\MacBook_M1_Air_13.3-inch_Good\194252048955_GradeA_down_20250820_120337_full.jpg,194252048955_GradeA_down_20250820_120337_full.jpg,MacBook_M1_Air,13.3-inch,Good,194252048955,Grade A,False
./extracted_data/clarity_dataset_v6\test\MacBook_M1_Air_13.3-inch_Good\194252048955_GradeA_down_20250820_120350_full.jpg,194252048955_GradeA_down_20250820_120350_full.jpg,MacBook_M1_Air,13.3-inch,Good,194252048955,Grade A,False
./extracted_data/clarity_dataset_v6\test\MacBook_M1_Air_13.3-inch_Good\194252048955_GradeA_down_20250820_120404_full.jpg,194252048955_GradeA_down_20250820_120404_full.jpg,MacBook_M1_Air,13.3-inch,Good,194252048955,Grade A,False
./extracted_data/clarity_dataset_v6\test\MacBook_M1_Air_13.3-inch_Good\194252048955_GradeA_down_20250820_120705_full.jpg,194252048955_GradeA_down_20250820_120705_full.jpg,MacBook_M1_Air,13.3-inch,Good,194252048955,Grade A,False
./extracted_data/clarity_dataset_v6\test\MacBook_M1_Air_13.3-inch_Good\194252048955_GradeA_down_20250820_121202_full.jpg,194252048955_GradeA_down_20250820_121202_full.jpg,MacBook_M1_Air,13.3-inch,Good,194252048955,Grade A,False
./extracted_data/clarity_dataset_v6\test\MacBook_M1_Air_13.3-inch_Good\194252048955_GradeA_down_20250820_121228_full.jpg,194252048955_GradeA_down_20250820_121228_full.jpg,MacBook_M1_Air,13.3-inch,Good,194252048955,Grade A,False
./extracted_data/clarity_dataset_v6\test\MacBook_M1_Air_13.3-inch_Good\194252048955_GradeA_up_20250820_094714_full.jpg,194252048955_GradeA_up_20250820_094714_full.jpg,MacBook_M1_Air,13.3-inch,Good,194252048955,Grade A,False
./extracted_data/clarity_dataset_v6\test\MacBook_M1_Air_13.3-inch_Good\194252048955_GradeA_up_20250820_100424_full.jpg,194252048955_GradeA_up_20250820_100424_full.jpg,MacBook_M1_Air,13.3-inch,Good,194252048955,Grade A,False
./extracted_data/clarity_dataset_v6\test\MacBook_M1_Air_13.3-inch_Good\194252048955_GradeA_up_20250820_120102_full.jpg,194252048955_GradeA_up_20250820_120102_full.jpg,MacBook_M1_Air,13.3-inch,Good,194252048955,Grade A,False
./extracted_data/clarity_dataset_v6\test\MacBook_M1_Air_13.3-inch_Good\194252048955_GradeA_up_20250820_120115_full.jpg,194252048955_GradeA_up_20250820_120115_full.jpg,MacBook_M1_Air,13.3-inch,Good,194252048955,Grade A,False
./extracted_data/clarity_dataset_v6\test\MacBook_M1_Air_13.3-inch_Good\194252048955_GradeA_up_20250820_120241_full.jpg,194252048955_GradeA_up_20250820_120241_full.jpg,MacBook_M1_Air,13.3-inch,Good,194252048955,Grade A,False
./extracted_data/clarity_dataset_v6\test\MacBook_M1_Air_13.3-inch_Good\194252048955_GradeA_up_20250820_120625_full.jpg,194252048955_GradeA_up_20250820_120625_full.jpg,MacBook_M1_Air,13.3-inch,Good,194252048955,Grade A,False
./extracted_data/clarity_dataset_v6\test\MacBook_M1_Air_13.3-inch_Good\194252048955_GradeA_up_20250820_120933_full.jpg,194252048955_GradeA_up_20250820_120933_full.jpg,MacBook_M1_Air,13.3-inch,Good,194252048955,Grade A,False
./extracted_data/clarity_dataset_v6\test\MacBook_M1_Air_13.3-inch_Good\194252048955_GradeA_up_20250820_120947_full.jpg,194252048955_GradeA_up_20250820_120947_full.jpg,MacBook_M1_Air,13.3-inch,Good,194252048955,Grade A,False
./extracted_data/clarity_dataset_v6\test\MacBook_M1_Air_13.3-inch_Good\194252048955_GradeA_up_20250820_121001_full.jpg,194252048955_GradeA_up_20250820_121001_full.jpg,MacBook_M1_Air,13.3-inch,Good,194252048955,Grade A,False
./extracted_data/clarity_dataset_v6\test\MacBook_M1_Air_13.3-inch_Good\194252048955_GradeA_up_20250820_121637_full.jpg,194252048955_GradeA_up_20250820_121637_full.jpg,MacBook_M1_Air,13.3-inch,Good,194252048955,Grade A,False
./extracted_data/clarity_dataset_v6\test\MacBook_M1_Air_13.3-inch_Good\194252048955_GradeA_up_20250821_083829_full.jpg,194252048955_GradeA_up_20250821_083829_full.jpg,MacBook_M1_Air,13.3-inch,Good,194252048955,Grade A,False
./extracted_data/clarity_dataset_v6\test\MacBook_M1_Air_13.3-inch_Good\194252048955_Mint_down_20250819_141948_full.jpg,194252048955_Mint_down_20250819_141948_full.jpg,MacBook_M1_Air,13.3-inch,Good,194252048955,Grade A,False
./extracted_data/clarity_dataset_v6\test\MacBook_M1_Air_13.3-inch_Good\194252048955_Mint_down_20250819_141958_full.jpg,194252048955_Mint_down_20250819_141958_full.jpg,MacBook_M1_Air,13.3-inch,Good,194252048955,Grade A,False
./extracted_data/clarity_dataset_v6\test\MacBook_M1_Air_13.3-inch_Good\194252049013_GradeA_down_20250820_120020_full.jpg,194252049013_GradeA_down_20250820_120020_full.jpg,MacBook_M1_Air,13.3-inch,Good,194252049013,Grade A,False
./extracted_data/clarity_dataset_v6\test\MacBook_M1_Air_13.3-inch_Good\194252049013_GradeA_up_20250820_115733_full.jpg,194252049013_GradeA_up_20250820_115733_full.jpg,MacBook_M1_Air,13.3-inch,Good,194252049013,Grade A,False
./extracted_data/clarity_dataset_v6\test\MacBook_M1_Air_13.3-inch_Good\194252049013_GradeA_up_20250820_115746_full.jpg,194252049013_GradeA_up_20250820_115746_full.jpg,MacBook_M1_Air,13.3-inch,Good,194252049013,Grade A,False
./extracted_data/clarity_dataset_v6\test\MacBook_M1_Air_13.3-inch_Good\194252049013_GradeA_up_20250820_121506_full.jpg,194252049013_GradeA_up_20250820_121506_full.jpg,MacBook_M1_Air,13.3-inch,Good,194252049013,Grade A,False
./extracted_data/clarity_dataset_v6\test\Samsung_Galaxy_A15_Counterfeit\714951679627_Counterfeit_up_20250821_094212_full.jpg,714951679627_Counterfeit_up_20250821_094212_full.jpg,Samsung_Galaxy,A15,Counterfeit,714951679627,Counterfeit,True
./extracted_data/clarity_dataset_v6\test\Samsung_Galaxy_A15_Good\887276816241_GradeA_down_20250821_073805_full.jpg,887276816241_GradeA_down_20250821_073805_full.jpg,Samsung_Galaxy,A15,Good,887276816241,Grade A,False
./extracted_data/clarity_dataset_v6\test\Samsung_Galaxy_A15_Good\887276816241_GradeA_down_20250821_073824_full.jpg,887276816241_GradeA_down_20250821_073824_full.jpg,Samsung_Galaxy,A15,Good,887276816241,Grade A,False
./extracted_data/clarity_dataset_v6\test\Samsung_Galaxy_A15_Good\887276816241_GradeA_down_20250821_073932_full.jpg,887276816241_GradeA_down_20250821_073932_full.jpg,Samsung_Galaxy,A15,Good,887276816241,Grade A,False
./extracted_data/clarity_dataset_v6\test\Samsung_Galaxy_A15_Good\887276816241_GradeA_up_20250821_073745_full.jpg,887276816241_GradeA_up_20250821_073745_full.jpg,Samsung_Galaxy,A15,Good,887276816241,Grade A,False
./extracted_data/clarity_dataset_v6\test\Samsung_Galaxy_Buds3_Pro_Counterfeit\887276911069_Counterfeit_down_20250821_095416_full.jpg,887276911069_Counterfeit_down_20250821_095416_full.jpg,Samsung_Galaxy_Buds3,Pro,Counterfeit,887276911069,Counterfeit,True
./extracted_data/clarity_dataset_v6\test\Samsung_Galaxy_Buds3_Pro_Good\887276911069_GradeA_down_20250821_080457_full.jpg,887276911069_GradeA_down_20250821_080457_full.jpg,Samsung_Galaxy_Buds3,Pro,Good,887276911069,Grade A,False
./extracted_data/clarity_dataset_v6\test\Samsung_Galaxy_Buds3_Pro_Good\887276911069_GradeA_up_20250821_080236_full.jpg,887276911069_GradeA_up_20250821_080236_full.jpg,Samsung_Galaxy_Buds3,Pro,Good,887276911069,Grade A,False
./extracted_data/clarity_dataset_v6\test\Samsung_Galaxy_Buds3_Pro_Good\887276911069_GradeA_up_20250821_080301_full.jpg,887276911069_GradeA_up_20250821_080301_full.jpg,Samsung_Galaxy_Buds3,Pro,Good,887276911069,Grade A,False
./extracted_data/clarity_dataset_v6\test\Samsung_Galaxy_Buds3_Pro_Good\887276911069_GradeA_up_20250821_080444_full.jpg,887276911069_GradeA_up_20250821_080444_full.jpg,Samsung_Galaxy_Buds3,Pro,Good,887276911069,Grade A,False
./extracted_data/clarity_dataset_v6\test\Samsung_Galaxy_Tab_A9+_Counterfeit\887276796284_Counterfeit_up_20250821_104925_full.jpg,887276796284_Counterfeit_up_20250821_104925_full.jpg,Samsung_Galaxy_Tab,A9+,Counterfeit,887276796284,Counterfeit,True
./extracted_data/clarity_dataset_v6\test\Samsung_Galaxy_Tab_A9+_Good\887276796284_GradeA_down_20250821_083511_full.jpg,887276796284_GradeA_down_20250821_083511_full.jpg,Samsung_Galaxy_Tab,A9+,Good,887276796284,Grade A,False
./extracted_data/clarity_dataset_v6\test\Samsung_Galaxy_Tab_A9+_Good\887276796284_GradeA_down_20250821_083640_full.jpg,887276796284_GradeA_down_20250821_083640_full.jpg,Samsung_Galaxy_Tab,A9+,Good,887276796284,Grade A,False
./extracted_data/clarity_dataset_v6\test\Samsung_Galaxy_Tab_A9+_Good\887276796284_GradeA_up_20250821_083328_full.jpg,887276796284_GradeA_up_20250821_083328_full.jpg,Samsung_Galaxy_Tab,A9+,Good,887276796284,Grade A,False
./extracted_data/clarity_dataset_v6\test\Samsung_Galaxy_Tab_A9+_Good\887276796284_GradeA_up_20250821_083450_full.jpg,887276796284_GradeA_up_20250821_083450_full.jpg,Samsung_Galaxy_Tab,A9+,Good,887276796284,Grade A,False
./extracted_data/clarity_dataset_v6\test\Samsung_Galaxy_Watch4_40_mm_Good\887276552446_GradeA_down_20250821_085554_full.jpg,887276552446_GradeA_down_20250821_085554_full.jpg,Samsung_Galaxy_Watch4_40,mm,Good,887276552446,Grade A,False
./extracted_data/clarity_dataset_v6\test\Samsung_Galaxy_Watch4_40_mm_Good\887276552446_GradeA_down_20250821_085803_full.jpg,887276552446_GradeA_down_20250821_085803_full.jpg,Samsung_Galaxy_Watch4_40,mm,Good,887276552446,Grade A,False
./extracted_data/clarity_dataset_v6\test\Samsung_Galaxy_Watch4_40_mm_Good\887276552446_GradeA_down_20250821_085915_full.jpg,887276552446_GradeA_down_20250821_085915_full.jpg,Samsung_Galaxy_Watch4_40,mm,Good,887276552446,Grade A,False
./extracted_data/clarity_dataset_v6\test\Samsung_Galaxy_Watch4_40_mm_Good\887276552446_GradeA_down_20250821_085925_full.jpg,887276552446_GradeA_down_20250821_085925_full.jpg,Samsung_Galaxy_Watch4_40,mm,Good,887276552446,Grade A,False
./extracted_data/clarity_dataset_v6\train\AirPods_3_Good\194253324034_Mint_down_20250819_143522_full.jpg,194253324034_Mint_down_20250819_143522_full.jpg,AirPods,3,Good,194253324034,Grade A,False
./extracted_data/clarity_dataset_v6\train\AirPods_3_Good\194253324034_Mint_down_20250819_143542_full.jpg,194253324034_Mint_down_20250819_143542_full.jpg,AirPods,3,Good,194253324034,Grade A,False
./extracted_data/clarity_dataset_v6\train\AirPods_3_Good\194253324034_Mint_up_20250819_143452_full.jpg,194253324034_Mint_up_20250819_143452_full.jpg,AirPods,3,Good,194253324034,Grade A,False
./extracted_data/clarity_dataset_v6\train\AirPods_3_Good\194253324034_Mint_up_20250819_143502_full.jpg,194253324034_Mint_up_20250819_143502_full.jpg,AirPods,3,Good,194253324034,Grade A,False
./extracted_data/clarity_dataset_v6\train\AirPods_3_Good\194253324034_Mint_up_20250819_143512_full.jpg,194253324034_Mint_up_20250819_143512_full.jpg,AirPods,3,Good,194253324034,Grade A,False
./extracted_data/clarity_dataset_v6\train\AirPods_3_Good\195949743597_GradeA_down_20250820_103211_full.jpg,195949743597_GradeA_down_20250820_103211_full.jpg,AirPods,3,Good,195949743597,Grade A,False
./extracted_data/clarity_dataset_v6\train\AirPods_3_Good\195949743597_GradeA_down_20250820_103224_full.jpg,195949743597_GradeA_down_20250820_103224_full.jpg,AirPods,3,Good,195949743597,Grade A,False
./extracted_data/clarity_dataset_v6\train\AirPods_3_Good\195949743597_GradeA_up_20250820_103121_full.jpg,195949743597_GradeA_up_20250820_103121_full.jpg,AirPods,3,Good,195949743597,Grade A,False
./extracted_data/clarity_dataset_v6\train\AirPods_3_Good\195949743597_GradeA_up_20250820_103133_full.jpg,195949743597_GradeA_up_20250820_103133_full.jpg,AirPods,3,Good,195949743597,Grade A,False
./extracted_data/clarity_dataset_v6\train\AirPods_3_Good\195949743597_GradeA_up_20250820_103144_full.jpg,195949743597_GradeA_up_20250820_103144_full.jpg,AirPods,3,Good,195949743597,Grade A,False
./extracted_data/clarity_dataset_v6\train\AirPods_3_Good\195949743597_Mint_down_20250819_141359_full.jpg,195949743597_Mint_down_20250819_141359_full.jpg,AirPods,3,Good,195949743597,Grade A,False
./extracted_data/clarity_dataset_v6\train\AirPods_3_Good\195949743597_Mint_up_20250819_141319_full.jpg,195949743597_Mint_up_20250819_141319_full.jpg,AirPods,3,Good,195949743597,Grade A,False
./extracted_data/clarity_dataset_v6\train\AirPods_3_Good\195949743597_Mint_up_20250819_141329_full.jpg,195949743597_Mint_up_20250819_141329_full.jpg,AirPods,3,Good,195949743597,Grade A,False
./extracted_data/clarity_dataset_v6\train\AirPods_3_Good\195949743597_Mint_up_20250819_141339_full.jpg,195949743597_Mint_up_20250819_141339_full.jpg,AirPods,3,Good,195949743597,Grade A,False
./extracted_data/clarity_dataset_v6\train\AirPods_3_Good\195949743603_Mint_down_20250819_143645_full.jpg,195949743603_Mint_down_20250819_143645_full.jpg,AirPods,3,Good,195949743603,Grade A,False
./extracted_data/clarity_dataset_v6\train\AirPods_3_Good\195949743603_Mint_down_20250819_143654_full.jpg,195949743603_Mint_down_20250819_143654_full.jpg,AirPods,3,Good,195949743603,Grade A,False
./extracted_data/clarity_dataset_v6\train\AirPods_3_Good\195949743603_Mint_down_20250819_143704_full.jpg,195949743603_Mint_down_20250819_143704_full.jpg,AirPods,3,Good,195949743603,Grade A,False
./extracted_data/clarity_dataset_v6\train\AirPods_3_Good\195949743603_Mint_up_20250819_143613_full.jpg,195949743603_Mint_up_20250819_143613_full.jpg,AirPods,3,Good,195949743603,Grade A,False
./extracted_data/clarity_dataset_v6\train\AirPods_3_Good\195949743603_Mint_up_20250819_143623_full.jpg,195949743603_Mint_up_20250819_143623_full.jpg,AirPods,3,Good,195949743603,Grade A,False
./extracted_data/clarity_dataset_v6\train\AirPods_4_Counterfeit\195949688522_Counterfeit_down_20250821_094435_full.jpg,195949688522_Counterfeit_down_20250821_094435_full.jpg,AirPods,4,Counterfeit,195949688522,Counterfeit,True
./extracted_data/clarity_dataset_v6\train\AirPods_4_Counterfeit\195949688522_Counterfeit_down_20250821_094609_full.jpg,195949688522_Counterfeit_down_20250821_094609_full.jpg,AirPods,4,Counterfeit,195949688522,Counterfeit,True
./extracted_data/clarity_dataset_v6\train\AirPods_4_Counterfeit\195949688522_Counterfeit_up_20250821_094424_full.jpg,195949688522_Counterfeit_up_20250821_094424_full.jpg,AirPods,4,Counterfeit,195949688522,Counterfeit,True
./extracted_data/clarity_dataset_v6\train\AirPods_4_Counterfeit\195949688522_Counterfeit_up_20250821_094559_full.jpg,195949688522_Counterfeit_up_20250821_094559_full.jpg,AirPods,4,Counterfeit,195949688522,Counterfeit,True
./extracted_data/clarity_dataset_v6\train\AirPods_4_Counterfeit\195949689604_Counterfeit_up_20250821_094507_full.jpg,195949689604_Counterfeit_up_20250821_094507_full.jpg,AirPods,4,Counterfeit,195949689604,Counterfeit,True
./extracted_data/clarity_dataset_v6\train\AirPods_4_Good\195949688522_GradeA_down_20250820_102959_full.jpg,195949688522_GradeA_down_20250820_102959_full.jpg,AirPods,4,Good,195949688522,Grade A,False
./extracted_data/clarity_dataset_v6\train\AirPods_4_Good\195949688522_GradeA_down_20250820_103011_full.jpg,195949688522_GradeA_down_20250820_103011_full.jpg,AirPods,4,Good,195949688522,Grade A,False
./extracted_data/clarity_dataset_v6\train\AirPods_4_Good\195949688522_GradeA_up_20250820_102922_full.jpg,195949688522_GradeA_up_20250820_102922_full.jpg,AirPods,4,Good,195949688522,Grade A,False
./extracted_data/clarity_dataset_v6\train\AirPods_4_Good\195949688522_GradeA_up_20250820_102934_full.jpg,195949688522_GradeA_up_20250820_102934_full.jpg,AirPods,4,Good,195949688522,Grade A,False
./extracted_data/clarity_dataset_v6\train\AirPods_4_Good\195949688522_GradeA_up_20250820_102945_full.jpg,195949688522_GradeA_up_20250820_102945_full.jpg,AirPods,4,Good,195949688522,Grade A,False
./extracted_data/clarity_dataset_v6\train\AirPods_4_Good\195949689604_GradeA_down_20250821_074108_full.jpg,195949689604_GradeA_down_20250821_074108_full.jpg,AirPods,4,Good,195949689604,Grade A,False
./extracted_data/clarity_dataset_v6\train\AirPods_4_Good\195949689604_GradeA_down_20250821_074147_full.jpg,195949689604_GradeA_down_20250821_074147_full.jpg,AirPods,4,Good,195949689604,Grade A,False
./extracted_data/clarity_dataset_v6\train\AirPods_4_Good\195949689604_GradeA_down_20250821_074200_full.jpg,195949689604_GradeA_down_20250821_074200_full.jpg,AirPods,4,Good,195949689604,Grade A,False
./extracted_data/clarity_dataset_v6\train\AirPods_4_Good\195949689604_GradeA_down_20250821_074329_full.jpg,195949689604_GradeA_down_20250821_074329_full.jpg,AirPods,4,Good,195949689604,Grade A,False
./extracted_data/clarity_dataset_v6\train\AirPods_4_Good\195949689604_GradeA_down_20250821_074349_full.jpg,195949689604_GradeA_down_20250821_074349_full.jpg,AirPods,4,Good,195949689604,Grade A,False
./extracted_data/clarity_dataset_v6\train\AirPods_4_Good\195949689604_GradeA_down_20250821_074543_full.jpg,195949689604_GradeA_down_20250821_074543_full.jpg,AirPods,4,Good,195949689604,Grade A,False
./extracted_data/clarity_dataset_v6\train\AirPods_4_Good\195949689604_GradeA_up_20250821_074028_full.jpg,195949689604_GradeA_up_20250821_074028_full.jpg,AirPods,4,Good,195949689604,Grade A,False
./extracted_data/clarity_dataset_v6\train\AirPods_4_Good\195949689604_GradeA_up_20250821_074045_full.jpg,195949689604_GradeA_up_20250821_074045_full.jpg,AirPods,4,Good,195949689604,Grade A,False
./extracted_data/clarity_dataset_v6\train\AirPods_4_Good\195949689604_GradeA_up_20250821_074057_full.jpg,195949689604_GradeA_up_20250821_074057_full.jpg,AirPods,4,Good,195949689604,Grade A,False
./extracted_data/clarity_dataset_v6\train\AirPods_4_Good\195949689604_GradeA_up_20250821_074255_full.jpg,195949689604_GradeA_up_20250821_074255_full.jpg,AirPods,4,Good,195949689604,Grade A,False
./extracted_data/clarity_dataset_v6\train\AirPods_4_Good\195949689604_GradeA_up_20250821_074308_full.jpg,195949689604_GradeA_up_20250821_074308_full.jpg,AirPods,4,Good,195949689604,Grade A,False
./extracted_data/clarity_dataset_v6\train\AirPods_4_Good\195949689604_GradeA_up_20250821_074421_full.jpg,195949689604_GradeA_up_20250821_074421_full.jpg,AirPods,4,Good,195949689604,Grade A,False
./extracted_data/clarity_dataset_v6\train\AirPods_4_Good\195949689604_GradeA_up_20250821_074457_full.jpg,195949689604_GradeA_up_20250821_074457_full.jpg,AirPods,4,Good,195949689604,Grade A,False
./extracted_data/clarity_dataset_v6\train\AirPods_4_Good\195949689604_GradeA_up_20250821_074532_full.jpg,195949689604_GradeA_up_20250821_074532_full.jpg,AirPods,4,Good,195949689604,Grade A,False
./extracted_data/clarity_dataset_v6\train\AirPods_Max_1_Counterfeit\194252244944_Counterfeit_down_20250821_094957_full.jpg,194252244944_Counterfeit_down_20250821_094957_full.jpg,AirPods_Max,1,Counterfeit,194252244944,Counterfeit,True
./extracted_data/clarity_dataset_v6\train\AirPods_Max_1_Counterfeit\194252244944_Counterfeit_down_20250821_095214_full.jpg,194252244944_Counterfeit_down_20250821_095214_full.jpg,AirPods_Max,1,Counterfeit,194252244944,Counterfeit,True
./extracted_data/clarity_dataset_v6\train\AirPods_Max_1_Counterfeit\194252244944_Counterfeit_up_20250821_095204_full.jpg,194252244944_Counterfeit_up_20250821_095204_full.jpg,AirPods_Max,1,Counterfeit,194252244944,Counterfeit,True
./extracted_data/clarity_dataset_v6\train\AirPods_Max_1_Good\194252244944_GradeA_down_20250821_075253_full.jpg,194252244944_GradeA_down_20250821_075253_full.jpg,AirPods_Max,1,Good,194252244944,Grade A,False
./extracted_data/clarity_dataset_v6\train\AirPods_Max_1_Good\194252244944_GradeA_down_20250821_075320_full.jpg,194252244944_GradeA_down_20250821_075320_full.jpg,AirPods_Max,1,Good,194252244944,Grade A,False
./extracted_data/clarity_dataset_v6\train\AirPods_Max_1_Good\194252244944_GradeA_up_20250821_075220_full.jpg,194252244944_GradeA_up_20250821_075220_full.jpg,AirPods_Max,1,Good,194252244944,Grade A,False
./extracted_data/clarity_dataset_v6\train\AirPods_Max_1_Good\194252244944_GradeA_up_20250821_075242_full.jpg,194252244944_GradeA_up_20250821_075242_full.jpg,AirPods_Max,1,Good,194252244944,Grade A,False
./extracted_data/clarity_dataset_v6\train\AirPods_Max_1_Good\194252245033_GradeA_down_20250820_093651_full.jpg,194252245033_GradeA_down_20250820_093651_full.jpg,AirPods_Max,1,Good,194252245033,Grade A,False
./extracted_data/clarity_dataset_v6\train\AirPods_Max_1_Good\194252245033_GradeA_down_20250820_093704_full.jpg,194252245033_GradeA_down_20250820_093704_full.jpg,AirPods_Max,1,Good,194252245033,Grade A,False
./extracted_data/clarity_dataset_v6\train\AirPods_Max_1_Good\194252245033_GradeA_down_20250820_093717_full.jpg,194252245033_GradeA_down_20250820_093717_full.jpg,AirPods_Max,1,Good,194252245033,Grade A,False
./extracted_data/clarity_dataset_v6\train\AirPods_Max_1_Good\194252245033_GradeA_up_20250820_093611_full.jpg,194252245033_GradeA_up_20250820_093611_full.jpg,AirPods_Max,1,Good,194252245033,Grade A,False
./extracted_data/clarity_dataset_v6\train\AirPods_Max_1_Good\194252245033_GradeA_up_20250820_093624_full.jpg,194252245033_GradeA_up_20250820_093624_full.jpg,AirPods_Max,1,Good,194252245033,Grade A,False
./extracted_data/clarity_dataset_v6\train\AirPods_Max_1_Good\194252245033_GradeA_up_20250820_093638_full.jpg,194252245033_GradeA_up_20250820_093638_full.jpg,AirPods_Max,1,Good,194252245033,Grade A,False
./extracted_data/clarity_dataset_v6\train\AirPods_Max_2_Counterfeit\195949544170_Counterfeit_down_20250821_095052_full.jpg,195949544170_Counterfeit_down_20250821_095052_full.jpg,AirPods_Max,2,Counterfeit,195949544170,Counterfeit,True
./extracted_data/clarity_dataset_v6\train\AirPods_Max_2_Counterfeit\195949544316_Counterfeit_down_20250821_094856_full.jpg,195949544316_Counterfeit_down_20250821_094856_full.jpg,AirPods_Max,2,Counterfeit,195949544316,Counterfeit,True
./extracted_data/clarity_dataset_v6\train\AirPods_Max_2_Counterfeit\195949544316_Counterfeit_up_20250821_094845_full.jpg,195949544316_Counterfeit_up_20250821_094845_full.jpg,AirPods_Max,2,Counterfeit,195949544316,Counterfeit,True
./extracted_data/clarity_dataset_v6\train\AirPods_Max_2_Counterfeit\195949544453_Mint_down_20250819_170341_full.jpg,195949544453_Mint_down_20250819_170341_full.jpg,AirPods_Max,2,Counterfeit,195949544453,Counterfeit,True
./extracted_data/clarity_dataset_v6\train\AirPods_Max_2_Counterfeit\195949544453_Mint_down_20250819_170352_full.jpg,195949544453_Mint_down_20250819_170352_full.jpg,AirPods_Max,2,Counterfeit,195949544453,Counterfeit,True
./extracted_data/clarity_dataset_v6\train\AirPods_Max_2_Counterfeit\195949544453_Mint_down_20250819_170405_full.jpg,195949544453_Mint_down_20250819_170405_full.jpg,AirPods_Max,2,Counterfeit,195949544453,Counterfeit,True
./extracted_data/clarity_dataset_v6\train\AirPods_Max_2_Counterfeit\195949544453_Mint_up_20250819_170302_full.jpg,195949544453_Mint_up_20250819_170302_full.jpg,AirPods_Max,2,Counterfeit,195949544453,Counterfeit,True
./extracted_data/clarity_dataset_v6\train\AirPods_Max_2_Counterfeit\195949544453_Mint_up_20250819_170318_full.jpg,195949544453_Mint_up_20250819_170318_full.jpg,AirPods_Max,2,Counterfeit,195949544453,Counterfeit,True
./extracted_data/clarity_dataset_v6\train\AirPods_Max_2_Good\195949543890_Mint_down_20250819_170052_full.jpg,195949543890_Mint_down_20250819_170052_full.jpg,AirPods_Max,2,Good,195949543890,Grade A,False
./extracted_data/clarity_dataset_v6\train\AirPods_Max_2_Good\195949543890_Mint_down_20250819_170104_full.jpg,195949543890_Mint_down_20250819_170104_full.jpg,AirPods_Max,2,Good,195949543890,Grade A,False
./extracted_data/clarity_dataset_v6\train\AirPods_Max_2_Good\195949543890_Mint_down_20250819_170114_full.jpg,195949543890_Mint_down_20250819_170114_full.jpg,AirPods_Max,2,Good,195949543890,Grade A,False
./extracted_data/clarity_dataset_v6\train\AirPods_Max_2_Good\195949543890_Mint_up_20250819_170021_full.jpg,195949543890_Mint_up_20250819_170021_full.jpg,AirPods_Max,2,Good,195949543890,Grade A,False
./extracted_data/clarity_dataset_v6\train\AirPods_Max_2_Good\195949543890_Mint_up_20250819_170031_full.jpg,195949543890_Mint_up_20250819_170031_full.jpg,AirPods_Max,2,Good,195949543890,Grade A,False
./extracted_data/clarity_dataset_v6\train\AirPods_Max_2_Good\195949543890_Mint_up_20250819_170041_full.jpg,195949543890_Mint_up_20250819_170041_full.jpg,AirPods_Max,2,Good,195949543890,Grade A,False
./extracted_data/clarity_dataset_v6\train\AirPods_Max_2_Good\195949544033_GradeA_down_20250820_093415_full.jpg,195949544033_GradeA_down_20250820_093415_full.jpg,AirPods_Max,2,Good,195949544033,Grade A,False
./extracted_data/clarity_dataset_v6\train\AirPods_Max_2_Good\195949544033_GradeA_down_20250820_093429_full.jpg,195949544033_GradeA_down_20250820_093429_full.jpg,AirPods_Max,2,Good,195949544033,Grade A,False
./extracted_data/clarity_dataset_v6\train\AirPods_Max_2_Good\195949544033_GradeA_down_20250820_093442_full.jpg,195949544033_GradeA_down_20250820_093442_full.jpg,AirPods_Max,2,Good,195949544033,Grade A,False
./extracted_data/clarity_dataset_v6\train\AirPods_Max_2_Good\195949544033_GradeA_up_20250820_093329_full.jpg,195949544033_GradeA_up_20250820_093329_full.jpg,AirPods_Max,2,Good,195949544033,Grade A,False
./extracted_data/clarity_dataset_v6\train\AirPods_Max_2_Good\195949544033_GradeA_up_20250820_093349_full.jpg,195949544033_GradeA_up_20250820_093349_full.jpg,AirPods_Max,2,Good,195949544033,Grade A,False
./extracted_data/clarity_dataset_v6\train\AirPods_Max_2_Good\195949544033_GradeA_up_20250820_093402_full.jpg,195949544033_GradeA_up_20250820_093402_full.jpg,AirPods_Max,2,Good,195949544033,Grade A,False
./extracted_data/clarity_dataset_v6\train\AirPods_Max_2_Good\195949544170_Mint_down_20250819_170233_full.jpg,195949544170_Mint_down_20250819_170233_full.jpg,AirPods_Max,2,Good,195949544170,Grade A,False
./extracted_data/clarity_dataset_v6\train\AirPods_Max_2_Good\195949544170_Mint_up_20250819_170139_full.jpg,195949544170_Mint_up_20250819_170139_full.jpg,AirPods_Max,2,Good,195949544170,Grade A,False
./extracted_data/clarity_dataset_v6\train\AirPods_Max_2_Good\195949544170_Mint_up_20250819_170153_full.jpg,195949544170_Mint_up_20250819_170153_full.jpg,AirPods_Max,2,Good,195949544170,Grade A,False
./extracted_data/clarity_dataset_v6\train\AirPods_Max_2_Good\195949544316_GradeA_down_20250821_075419_full.jpg,195949544316_GradeA_down_20250821_075419_full.jpg,AirPods_Max,2,Good,195949544316,Grade A,False
./extracted_data/clarity_dataset_v6\train\AirPods_Max_2_Good\195949544316_GradeA_down_20250821_075439_full.jpg,195949544316_GradeA_down_20250821_075439_full.jpg,AirPods_Max,2,Good,195949544316,Grade A,False
./extracted_data/clarity_dataset_v6\train\AirPods_Max_2_Good\195949544316_GradeA_up_20250821_075347_full.jpg,195949544316_GradeA_up_20250821_075347_full.jpg,AirPods_Max,2,Good,195949544316,Grade A,False
./extracted_data/clarity_dataset_v6\train\AirPods_Max_2_Good\195949544316_GradeA_up_20250821_075358_full.jpg,195949544316_GradeA_up_20250821_075358_full.jpg,AirPods_Max,2,Good,195949544316,Grade A,False
./extracted_data/clarity_dataset_v6\train\AirPods_Max_2_Good\195949544316_GradeA_up_20250821_075409_full.jpg,195949544316_GradeA_up_20250821_075409_full.jpg,AirPods_Max,2,Good,195949544316,Grade A,False
./extracted_data/clarity_dataset_v6\train\AirPods_Max_2_Good\195949544453_GradeA_down_20250820_094427_full.jpg,195949544453_GradeA_down_20250820_094427_full.jpg,AirPods_Max,2,Good,195949544453,Grade A,False
./extracted_data/clarity_dataset_v6\train\AirPods_Max_2_Good\195949544453_GradeA_up_20250820_094346_full.jpg,195949544453_GradeA_up_20250820_094346_full.jpg,AirPods_Max,2,Good,195949544453,Grade A,False
./extracted_data/clarity_dataset_v6\train\AirPods_Max_2_Good\195949544453_GradeA_up_20250820_094400_full.jpg,195949544453_GradeA_up_20250820_094400_full.jpg,AirPods_Max,2,Good,195949544453,Grade A,False
./extracted_data/clarity_dataset_v6\train\AirPods_Max_2_Good\195949544453_GradeA_up_20250820_094413_full.jpg,195949544453_GradeA_up_20250820_094413_full.jpg,AirPods_Max,2,Good,195949544453,Grade A,False
./extracted_data/clarity_dataset_v6\train\AirPods_Pro_2_Counterfeit\195949704529_Counterfeit_down_20250821_094653_full.jpg,195949704529_Counterfeit_down_20250821_094653_full.jpg,AirPods_Pro,2,Counterfeit,195949704529,Counterfeit,True
./extracted_data/clarity_dataset_v6\train\AirPods_Pro_2_Counterfeit\195949704529_Counterfeit_down_20250821_094812_full.jpg,195949704529_Counterfeit_down_20250821_094812_full.jpg,AirPods_Pro,2,Counterfeit,195949704529,Counterfeit,True
./extracted_data/clarity_dataset_v6\train\AirPods_Pro_2_Counterfeit\195949704529_Counterfeit_up_20250821_094644_full.jpg,195949704529_Counterfeit_up_20250821_094644_full.jpg,AirPods_Pro,2,Counterfeit,195949704529,Counterfeit,True
./extracted_data/clarity_dataset_v6\train\AirPods_Pro_2_Counterfeit\195949704529_Counterfeit_up_20250821_094718_full.jpg,195949704529_Counterfeit_up_20250821_094718_full.jpg,AirPods_Pro,2,Counterfeit,195949704529,Counterfeit,True
./extracted_data/clarity_dataset_v6\train\AirPods_Pro_2_Counterfeit\195949704529_Counterfeit_up_20250821_094803_full.jpg,195949704529_Counterfeit_up_20250821_094803_full.jpg,AirPods_Pro,2,Counterfeit,195949704529,Counterfeit,True
./extracted_data/clarity_dataset_v6\train\AirPods_Pro_2_Good\194252618356_Mint_down_20250819_160433_full.jpg,194252618356_Mint_down_20250819_160433_full.jpg,AirPods_Pro,2,Good,194252618356,Grade A,False
./extracted_data/clarity_dataset_v6\train\AirPods_Pro_2_Good\194252618356_Mint_up_20250819_160343_full.jpg,194252618356_Mint_up_20250819_160343_full.jpg,AirPods_Pro,2,Good,194252618356,Grade A,False
./extracted_data/clarity_dataset_v6\train\AirPods_Pro_2_Good\194253397168_GradeA_down_20250820_103335_full.jpg,194253397168_GradeA_down_20250820_103335_full.jpg,AirPods_Pro,2,Good,194253397168,Grade A,False
./extracted_data/clarity_dataset_v6\train\AirPods_Pro_2_Good\194253397168_GradeA_down_20250820_103348_full.jpg,194253397168_GradeA_down_20250820_103348_full.jpg,AirPods_Pro,2,Good,194253397168,Grade A,False
./extracted_data/clarity_dataset_v6\train\AirPods_Pro_2_Good\194253397168_GradeA_up_20250820_103257_full.jpg,194253397168_GradeA_up_20250820_103257_full.jpg,AirPods_Pro,2,Good,194253397168,Grade A,False
./extracted_data/clarity_dataset_v6\train\AirPods_Pro_2_Good\194253397168_GradeA_up_20250820_103310_full.jpg,194253397168_GradeA_up_20250820_103310_full.jpg,AirPods_Pro,2,Good,194253397168,Grade A,False
./extracted_data/clarity_dataset_v6\train\AirPods_Pro_2_Good\194253397168_GradeA_up_20250820_103322_full.jpg,194253397168_GradeA_up_20250820_103322_full.jpg,AirPods_Pro,2,Good,194253397168,Grade A,False
./extracted_data/clarity_dataset_v6\train\AirPods_Pro_2_Good\195949704529_GradeA_down_20250821_074826_full.jpg,195949704529_GradeA_down_20250821_074826_full.jpg,AirPods_Pro,2,Good,195949704529,Grade A,False
./extracted_data/clarity_dataset_v6\train\AirPods_Pro_2_Good\195949704529_GradeA_down_20250821_074924_full.jpg,195949704529_GradeA_down_20250821_074924_full.jpg,AirPods_Pro,2,Good,195949704529,Grade A,False
./extracted_data/clarity_dataset_v6\train\AirPods_Pro_2_Good\195949704529_GradeA_down_20250821_074934_full.jpg,195949704529_GradeA_down_20250821_074934_full.jpg,AirPods_Pro,2,Good,195949704529,Grade A,False
./extracted_data/clarity_dataset_v6\train\AirPods_Pro_2_Good\195949704529_GradeA_down_20250821_074944_full.jpg,195949704529_GradeA_down_20250821_074944_full.jpg,AirPods_Pro,2,Good,195949704529,Grade A,False
./extracted_data/clarity_dataset_v6\train\AirPods_Pro_2_Good\195949704529_GradeA_down_20250821_075058_full.jpg,195949704529_GradeA_down_20250821_075058_full.jpg,AirPods_Pro,2,Good,195949704529,Grade A,False
./extracted_data/clarity_dataset_v6\train\AirPods_Pro_2_Good\195949704529_GradeA_down_20250821_075108_full.jpg,195949704529_GradeA_down_20250821_075108_full.jpg,AirPods_Pro,2,Good,195949704529,Grade A,False
./extracted_data/clarity_dataset_v6\train\AirPods_Pro_2_Good\195949704529_GradeA_down_20250821_075119_full.jpg,195949704529_GradeA_down_20250821_075119_full.jpg,AirPods_Pro,2,Good,195949704529,Grade A,False
./extracted_data/clarity_dataset_v6\train\AirPods_Pro_2_Good\195949704529_GradeA_up_20250821_074731_full.jpg,195949704529_GradeA_up_20250821_074731_full.jpg,AirPods_Pro,2,Good,195949704529,Grade A,False
./extracted_data/clarity_dataset_v6\train\AirPods_Pro_2_Good\195949704529_GradeA_up_20250821_074742_full.jpg,195949704529_GradeA_up_20250821_074742_full.jpg,AirPods_Pro,2,Good,195949704529,Grade A,False
./extracted_data/clarity_dataset_v6\train\AirPods_Pro_2_Good\195949704529_GradeA_up_20250821_074752_full.jpg,195949704529_GradeA_up_20250821_074752_full.jpg,AirPods_Pro,2,Good,195949704529,Grade A,False
./extracted_data/clarity_dataset_v6\train\AirPods_Pro_2_Good\195949704529_GradeA_up_20250821_074853_full.jpg,195949704529_GradeA_up_20250821_074853_full.jpg,AirPods_Pro,2,Good,195949704529,Grade A,False
./extracted_data/clarity_dataset_v6\train\AirPods_Pro_2_Good\195949704529_GradeA_up_20250821_074903_full.jpg,195949704529_GradeA_up_20250821_074903_full.jpg,AirPods_Pro,2,Good,195949704529,Grade A,False
./extracted_data/clarity_dataset_v6\train\AirPods_Pro_2_Good\195949704529_GradeA_up_20250821_074914_full.jpg,195949704529_GradeA_up_20250821_074914_full.jpg,AirPods_Pro,2,Good,195949704529,Grade A,False
./extracted_data/clarity_dataset_v6\train\AirPods_Pro_2_Good\195949704529_GradeA_up_20250821_075038_full.jpg,195949704529_GradeA_up_20250821_075038_full.jpg,AirPods_Pro,2,Good,195949704529,Grade A,False
./extracted_data/clarity_dataset_v6\train\AirPods_Pro_2_Good\195949704529_GradeA_up_20250821_075048_full.jpg,195949704529_GradeA_up_20250821_075048_full.jpg,AirPods_Pro,2,Good,195949704529,Grade A,False
./extracted_data/clarity_dataset_v6\train\Apple_Watch_10_42mm_Cellular_Good\195949561085_GradeA_down_20250821_084754_full.jpg,195949561085_GradeA_down_20250821_084754_full.jpg,Apple_Watch_10_42mm,Cellular,Good,195949561085,Grade A,False
./extracted_data/clarity_dataset_v6\train\Apple_Watch_10_42mm_Cellular_Good\195949561085_GradeA_down_20250821_084816_full.jpg,195949561085_GradeA_down_20250821_084816_full.jpg,Apple_Watch_10_42mm,Cellular,Good,195949561085,Grade A,False
./extracted_data/clarity_dataset_v6\train\Apple_Watch_10_42mm_Cellular_Good\195949561085_GradeA_down_20250821_084914_full.jpg,195949561085_GradeA_down_20250821_084914_full.jpg,Apple_Watch_10_42mm,Cellular,Good,195949561085,Grade A,False
./extracted_data/clarity_dataset_v6\train\Apple_Watch_10_42mm_Cellular_Good\195949561085_GradeA_up_20250821_084722_full.jpg,195949561085_GradeA_up_20250821_084722_full.jpg,Apple_Watch_10_42mm,Cellular,Good,195949561085,Grade A,False
./extracted_data/clarity_dataset_v6\train\Apple_Watch_10_42mm_Cellular_Good\195949561085_GradeA_up_20250821_084733_full.jpg,195949561085_GradeA_up_20250821_084733_full.jpg,Apple_Watch_10_42mm,Cellular,Good,195949561085,Grade A,False
./extracted_data/clarity_dataset_v6\train\Apple_Watch_10_42mm_Cellular_Good\195949561085_GradeA_up_20250821_084743_full.jpg,195949561085_GradeA_up_20250821_084743_full.jpg,Apple_Watch_10_42mm,Cellular,Good,195949561085,Grade A,False
./extracted_data/clarity_dataset_v6\train\Apple_Watch_10_42mm_Cellular_Good\195949561085_GradeA_up_20250821_084838_full.jpg,195949561085_GradeA_up_20250821_084838_full.jpg,Apple_Watch_10_42mm,Cellular,Good,195949561085,Grade A,False
./extracted_data/clarity_dataset_v6\train\Apple_Watch_10_42mm_Cellular_Good\195949561085_GradeA_up_20250821_084851_full.jpg,195949561085_GradeA_up_20250821_084851_full.jpg,Apple_Watch_10_42mm,Cellular,Good,195949561085,Grade A,False
./extracted_data/clarity_dataset_v6\train\Apple_Watch_10_42mm_Cellular_Good\195949561085_GradeA_up_20250821_084902_full.jpg,195949561085_GradeA_up_20250821_084902_full.jpg,Apple_Watch_10_42mm,Cellular,Good,195949561085,Grade A,False
./extracted_data/clarity_dataset_v6\train\Apple_Watch_10_42mm_Cellular_Good\195949561115_Mint_down_20250819_154819_full.jpg,195949561115_Mint_down_20250819_154819_full.jpg,Apple_Watch_10_42mm,Cellular,Good,195949561115,Grade A,False
./extracted_data/clarity_dataset_v6\train\Apple_Watch_10_42mm_Cellular_Good\195949561115_Mint_down_20250819_154828_full.jpg,195949561115_Mint_down_20250819_154828_full.jpg,Apple_Watch_10_42mm,Cellular,Good,195949561115,Grade A,False
./extracted_data/clarity_dataset_v6\train\Apple_Watch_10_42mm_Cellular_Good\195949561115_Mint_down_20250819_154837_full.jpg,195949561115_Mint_down_20250819_154837_full.jpg,Apple_Watch_10_42mm,Cellular,Good,195949561115,Grade A,False
./extracted_data/clarity_dataset_v6\train\Apple_Watch_10_42mm_Cellular_Good\195949561115_Mint_up_20250819_154750_full.jpg,195949561115_Mint_up_20250819_154750_full.jpg,Apple_Watch_10_42mm,Cellular,Good,195949561115,Grade A,False
./extracted_data/clarity_dataset_v6\train\Apple_Watch_10_42mm_Cellular_Good\195949561115_Mint_up_20250819_154759_full.jpg,195949561115_Mint_up_20250819_154759_full.jpg,Apple_Watch_10_42mm,Cellular,Good,195949561115,Grade A,False
./extracted_data/clarity_dataset_v6\train\Apple_Watch_10_42mm_Cellular_Good\195949561115_Mint_up_20250819_154809_full.jpg,195949561115_Mint_up_20250819_154809_full.jpg,Apple_Watch_10_42mm,Cellular,Good,195949561115,Grade A,False
./extracted_data/clarity_dataset_v6\train\Apple_Watch_10_42mm_Cellular_Good\195949561122_GradeA_down_20250820_090331_full.jpg,195949561122_GradeA_down_20250820_090331_full.jpg,Apple_Watch_10_42mm,Cellular,Good,195949561122,Grade A,False
./extracted_data/clarity_dataset_v6\train\Apple_Watch_10_42mm_Cellular_Good\195949561122_GradeA_down_20250820_090347_full.jpg,195949561122_GradeA_down_20250820_090347_full.jpg,Apple_Watch_10_42mm,Cellular,Good,195949561122,Grade A,False
./extracted_data/clarity_dataset_v6\train\Apple_Watch_10_42mm_Cellular_Good\195949561122_GradeA_down_20250821_084638_full.jpg,195949561122_GradeA_down_20250821_084638_full.jpg,Apple_Watch_10_42mm,Cellular,Good,195949561122,Grade A,False
./extracted_data/clarity_dataset_v6\train\Apple_Watch_10_42mm_Cellular_Good\195949561122_GradeA_down_20250821_084649_full.jpg,195949561122_GradeA_down_20250821_084649_full.jpg,Apple_Watch_10_42mm,Cellular,Good,195949561122,Grade A,False
./extracted_data/clarity_dataset_v6\train\Apple_Watch_10_42mm_Cellular_Good\195949561122_GradeA_up_20250820_090253_full.jpg,195949561122_GradeA_up_20250820_090253_full.jpg,Apple_Watch_10_42mm,Cellular,Good,195949561122,Grade A,False
./extracted_data/clarity_dataset_v6\train\Apple_Watch_10_42mm_Cellular_Good\195949561122_GradeA_up_20250820_090305_full.jpg,195949561122_GradeA_up_20250820_090305_full.jpg,Apple_Watch_10_42mm,Cellular,Good,195949561122,Grade A,False
./extracted_data/clarity_dataset_v6\train\Apple_Watch_10_42mm_Cellular_Good\195949561122_GradeA_up_20250821_084553_full.jpg,195949561122_GradeA_up_20250821_084553_full.jpg,Apple_Watch_10_42mm,Cellular,Good,195949561122,Grade A,False
./extracted_data/clarity_dataset_v6\train\Apple_Watch_10_42mm_Cellular_Good\195949561122_GradeA_up_20250821_084604_full.jpg,195949561122_GradeA_up_20250821_084604_full.jpg,Apple_Watch_10_42mm,Cellular,Good,195949561122,Grade A,False
./extracted_data/clarity_dataset_v6\train\Apple_Watch_10_42mm_Cellular_Good\195949561122_GradeA_up_20250821_084614_full.jpg,195949561122_GradeA_up_20250821_084614_full.jpg,Apple_Watch_10_42mm,Cellular,Good,195949561122,Grade A,False
./extracted_data/clarity_dataset_v6\train\Apple_Watch_10_42mm_Good\195949560859_GradeA_down_20250820_091529_full.jpg,195949560859_GradeA_down_20250820_091529_full.jpg,Apple_Watch_10,42mm,Good,195949560859,Grade A,False
./extracted_data/clarity_dataset_v6\train\Apple_Watch_10_42mm_Good\195949560859_GradeA_down_20250820_091554_full.jpg,195949560859_GradeA_down_20250820_091554_full.jpg,Apple_Watch_10,42mm,Good,195949560859,Grade A,False
./extracted_data/clarity_dataset_v6\train\Apple_Watch_10_42mm_Good\195949560859_GradeA_up_20250820_091449_full.jpg,195949560859_GradeA_up_20250820_091449_full.jpg,Apple_Watch_10,42mm,Good,195949560859,Grade A,False
./extracted_data/clarity_dataset_v6\train\Apple_Watch_10_42mm_Good\195949560859_GradeA_up_20250820_091501_full.jpg,195949560859_GradeA_up_20250820_091501_full.jpg,Apple_Watch_10,42mm,Good,195949560859,Grade A,False
./extracted_data/clarity_dataset_v6\train\Apple_Watch_10_42mm_Good\195949560880_Mint_down_20250819_151402_full.jpg,195949560880_Mint_down_20250819_151402_full.jpg,Apple_Watch_10,42mm,Good,195949560880,Grade A,False
./extracted_data/clarity_dataset_v6\train\Apple_Watch_10_42mm_Good\195949560880_Mint_down_20250819_151411_full.jpg,195949560880_Mint_down_20250819_151411_full.jpg,Apple_Watch_10,42mm,Good,195949560880,Grade A,False
./extracted_data/clarity_dataset_v6\train\Apple_Watch_10_42mm_Good\195949560880_Mint_down_20250819_151421_full.jpg,195949560880_Mint_down_20250819_151421_full.jpg,Apple_Watch_10,42mm,Good,195949560880,Grade A,False
./extracted_data/clarity_dataset_v6\train\Apple_Watch_10_42mm_Good\195949560880_Mint_up_20250819_151333_full.jpg,195949560880_Mint_up_20250819_151333_full.jpg,Apple_Watch_10,42mm,Good,195949560880,Grade A,False
./extracted_data/clarity_dataset_v6\train\Apple_Watch_10_42mm_Good\195949560880_Mint_up_20250819_151343_full.jpg,195949560880_Mint_up_20250819_151343_full.jpg,Apple_Watch_10,42mm,Good,195949560880,Grade A,False
./extracted_data/clarity_dataset_v6\train\Apple_Watch_10_42mm_Good\195949560897_GradeA_down_20250820_091706_full.jpg,195949560897_GradeA_down_20250820_091706_full.jpg,Apple_Watch_10,42mm,Good,195949560897,Grade A,False
./extracted_data/clarity_dataset_v6\train\Apple_Watch_10_42mm_Good\195949560897_GradeA_down_20250820_091718_full.jpg,195949560897_GradeA_down_20250820_091718_full.jpg,Apple_Watch_10,42mm,Good,195949560897,Grade A,False
./extracted_data/clarity_dataset_v6\train\Apple_Watch_10_42mm_Good\195949560897_GradeA_down_20250820_091732_full.jpg,195949560897_GradeA_down_20250820_091732_full.jpg,Apple_Watch_10,42mm,Good,195949560897,Grade A,False
./extracted_data/clarity_dataset_v6\train\Apple_Watch_10_42mm_Good\195949560897_GradeA_up_20250820_091630_full.jpg,195949560897_GradeA_up_20250820_091630_full.jpg,Apple_Watch_10,42mm,Good,195949560897,Grade A,False
./extracted_data/clarity_dataset_v6\train\Apple_Watch_10_42mm_Good\195949560897_GradeA_up_20250820_091642_full.jpg,195949560897_GradeA_up_20250820_091642_full.jpg,Apple_Watch_10,42mm,Good,195949560897,Grade A,False
./extracted_data/clarity_dataset_v6\train\Apple_Watch_10_42mm_Good\195949560897_GradeA_up_20250820_091654_full.jpg,195949560897_GradeA_up_20250820_091654_full.jpg,Apple_Watch_10,42mm,Good,195949560897,Grade A,False
./extracted_data/clarity_dataset_v6\train\Apple_Watch_10_42mm_Good\195949560897_Mint_down_20250819_153235_full.jpg,195949560897_Mint_down_20250819_153235_full.jpg,Apple_Watch_10,42mm,Good,195949560897,Grade A,False
./extracted_data/clarity_dataset_v6\train\Apple_Watch_10_42mm_Good\195949560897_Mint_down_20250819_153256_full.jpg,195949560897_Mint_down_20250819_153256_full.jpg,Apple_Watch_10,42mm,Good,195949560897,Grade A,False
./extracted_data/clarity_dataset_v6\train\Apple_Watch_10_42mm_Good\195949560897_Mint_up_20250819_153154_full.jpg,195949560897_Mint_up_20250819_153154_full.jpg,Apple_Watch_10,42mm,Good,195949560897,Grade A,False
./extracted_data/clarity_dataset_v6\train\Apple_Watch_10_42mm_Good\195949560897_Mint_up_20250819_153208_full.jpg,195949560897_Mint_up_20250819_153208_full.jpg,Apple_Watch_10,42mm,Good,195949560897,Grade A,False
./extracted_data/clarity_dataset_v6\train\Apple_Watch_10_46mm_Cellular_Good\195949561252_Mint_down_20250819_153926_full.jpg,195949561252_Mint_down_20250819_153926_full.jpg,Apple_Watch_10_46mm,Cellular,Good,195949561252,Grade A,False
./extracted_data/clarity_dataset_v6\train\Apple_Watch_10_46mm_Cellular_Good\195949561252_Mint_down_20250819_153935_full.jpg,195949561252_Mint_down_20250819_153935_full.jpg,Apple_Watch_10_46mm,Cellular,Good,195949561252,Grade A,False
./extracted_data/clarity_dataset_v6\train\Apple_Watch_10_46mm_Cellular_Good\195949561252_Mint_down_20250819_153946_full.jpg,195949561252_Mint_down_20250819_153946_full.jpg,Apple_Watch_10_46mm,Cellular,Good,195949561252,Grade A,False
./extracted_data/clarity_dataset_v6\train\Apple_Watch_10_46mm_Cellular_Good\195949561283_GradeA_down_20250820_085529_full.jpg,195949561283_GradeA_down_20250820_085529_full.jpg,Apple_Watch_10_46mm,Cellular,Good,195949561283,Grade A,False
./extracted_data/clarity_dataset_v6\train\Apple_Watch_10_46mm_Cellular_Good\195949561283_GradeA_down_20250820_085540_full.jpg,195949561283_GradeA_down_20250820_085540_full.jpg,Apple_Watch_10_46mm,Cellular,Good,195949561283,Grade A,False
./extracted_data/clarity_dataset_v6\train\Apple_Watch_10_46mm_Cellular_Good\195949561283_GradeA_up_20250820_085442_full.jpg,195949561283_GradeA_up_20250820_085442_full.jpg,Apple_Watch_10_46mm,Cellular,Good,195949561283,Grade A,False
./extracted_data/clarity_dataset_v6\train\Apple_Watch_10_46mm_Cellular_Good\195949561283_GradeA_up_20250820_085453_full.jpg,195949561283_GradeA_up_20250820_085453_full.jpg,Apple_Watch_10_46mm,Cellular,Good,195949561283,Grade A,False
./extracted_data/clarity_dataset_v6\train\Apple_Watch_10_46mm_Cellular_Good\195949561283_Mint_down_20250819_155747_full.jpg,195949561283_Mint_down_20250819_155747_full.jpg,Apple_Watch_10_46mm,Cellular,Good,195949561283,Grade A,False
./extracted_data/clarity_dataset_v6\train\Apple_Watch_10_46mm_Cellular_Good\195949561283_Mint_down_20250819_155757_full.jpg,195949561283_Mint_down_20250819_155757_full.jpg,Apple_Watch_10_46mm,Cellular,Good,195949561283,Grade A,False
./extracted_data/clarity_dataset_v6\train\Apple_Watch_10_46mm_Cellular_Good\195949561283_Mint_up_20250819_155718_full.jpg,195949561283_Mint_up_20250819_155718_full.jpg,Apple_Watch_10_46mm,Cellular,Good,195949561283,Grade A,False
./extracted_data/clarity_dataset_v6\train\Apple_Watch_10_46mm_Cellular_Good\195949561283_Mint_up_20250819_155728_full.jpg,195949561283_Mint_up_20250819_155728_full.jpg,Apple_Watch_10_46mm,Cellular,Good,195949561283,Grade A,False
./extracted_data/clarity_dataset_v6\train\Apple_Watch_10_46mm_Cellular_Good\195949561283_Mint_up_20250819_155737_full.jpg,195949561283_Mint_up_20250819_155737_full.jpg,Apple_Watch_10_46mm,Cellular,Good,195949561283,Grade A,False
./extracted_data/clarity_dataset_v6\train\Apple_Watch_10_46mm_Cellular_Good\195949561290_GradeA_down_20250820_085852_full.jpg,195949561290_GradeA_down_20250820_085852_full.jpg,Apple_Watch_10_46mm,Cellular,Good,195949561290,Grade A,False
./extracted_data/clarity_dataset_v6\train\Apple_Watch_10_46mm_Cellular_Good\195949561290_GradeA_down_20250820_085903_full.jpg,195949561290_GradeA_down_20250820_085903_full.jpg,Apple_Watch_10_46mm,Cellular,Good,195949561290,Grade A,False
./extracted_data/clarity_dataset_v6\train\Apple_Watch_10_46mm_Cellular_Good\195949561290_GradeA_down_20250820_085915_full.jpg,195949561290_GradeA_down_20250820_085915_full.jpg,Apple_Watch_10_46mm,Cellular,Good,195949561290,Grade A,False
./extracted_data/clarity_dataset_v6\train\Apple_Watch_10_46mm_Cellular_Good\195949561290_GradeA_up_20250820_085805_full.jpg,195949561290_GradeA_up_20250820_085805_full.jpg,Apple_Watch_10_46mm,Cellular,Good,195949561290,Grade A,False
./extracted_data/clarity_dataset_v6\train\Apple_Watch_10_46mm_Cellular_Good\195949561290_GradeA_up_20250820_085818_full.jpg,195949561290_GradeA_up_20250820_085818_full.jpg,Apple_Watch_10_46mm,Cellular,Good,195949561290,Grade A,False
./extracted_data/clarity_dataset_v6\train\Apple_Watch_10_46mm_Cellular_Good\195949561290_GradeA_up_20250820_085830_full.jpg,195949561290_GradeA_up_20250820_085830_full.jpg,Apple_Watch_10_46mm,Cellular,Good,195949561290,Grade A,False
./extracted_data/clarity_dataset_v6\train\Apple_Watch_10_46mm_Cellular_Good\195949561320_Mint_down_20250819_160538_full.jpg,195949561320_Mint_down_20250819_160538_full.jpg,Apple_Watch_10_46mm,Cellular,Good,195949561320,Grade A,False
./extracted_data/clarity_dataset_v6\train\Apple_Watch_10_46mm_Cellular_Good\195949561320_Mint_down_20250819_160549_full.jpg,195949561320_Mint_down_20250819_160549_full.jpg,Apple_Watch_10_46mm,Cellular,Good,195949561320,Grade A,False
./extracted_data/clarity_dataset_v6\train\Apple_Watch_10_46mm_Cellular_Good\195949561320_Mint_down_20250819_160559_full.jpg,195949561320_Mint_down_20250819_160559_full.jpg,Apple_Watch_10_46mm,Cellular,Good,195949561320,Grade A,False
./extracted_data/clarity_dataset_v6\train\Apple_Watch_10_46mm_Cellular_Good\195949561320_Mint_up_20250819_160520_full.jpg,195949561320_Mint_up_20250819_160520_full.jpg,Apple_Watch_10_46mm,Cellular,Good,195949561320,Grade A,False
./extracted_data/clarity_dataset_v6\train\Apple_Watch_10_46mm_Cellular_Good\195949561320_Mint_up_20250819_160529_full.jpg,195949561320_Mint_up_20250819_160529_full.jpg,Apple_Watch_10_46mm,Cellular,Good,195949561320,Grade A,False
./extracted_data/clarity_dataset_v6\train\Apple_Watch_10_46mm_Cellular_Good\195949561344_GradeA_down_20250820_090822_full.jpg,195949561344_GradeA_down_20250820_090822_full.jpg,Apple_Watch_10_46mm,Cellular,Good,195949561344,Grade A,False
./extracted_data/clarity_dataset_v6\train\Apple_Watch_10_46mm_Cellular_Good\195949561344_GradeA_down_20250820_090834_full.jpg,195949561344_GradeA_down_20250820_090834_full.jpg,Apple_Watch_10_46mm,Cellular,Good,195949561344,Grade A,False
./extracted_data/clarity_dataset_v6\train\Apple_Watch_10_46mm_Cellular_Good\195949561344_GradeA_down_20250820_090846_full.jpg,195949561344_GradeA_down_20250820_090846_full.jpg,Apple_Watch_10_46mm,Cellular,Good,195949561344,Grade A,False
./extracted_data/clarity_dataset_v6\train\Apple_Watch_10_46mm_Cellular_Good\195949561344_GradeA_up_20250820_090700_full.jpg,195949561344_GradeA_up_20250820_090700_full.jpg,Apple_Watch_10_46mm,Cellular,Good,195949561344,Grade A,False
./extracted_data/clarity_dataset_v6\train\Apple_Watch_10_46mm_Cellular_Good\195949561344_GradeA_up_20250820_090712_full.jpg,195949561344_GradeA_up_20250820_090712_full.jpg,Apple_Watch_10_46mm,Cellular,Good,195949561344,Grade A,False
./extracted_data/clarity_dataset_v6\train\Apple_Watch_10_46mm_Cellular_Good\195949561344_GradeA_up_20250820_090751_full.jpg,195949561344_GradeA_up_20250820_090751_full.jpg,Apple_Watch_10_46mm,Cellular,Good,195949561344,Grade A,False
./extracted_data/clarity_dataset_v6\train\Apple_Watch_10_46mm_Counterfeit\195949560965_Counterfeit_down_20250821_105502_full.jpg,195949560965_Counterfeit_down_20250821_105502_full.jpg,Apple_Watch_10,46mm,Counterfeit,195949560965,Counterfeit,True
./extracted_data/clarity_dataset_v6\train\Apple_Watch_10_46mm_Counterfeit\195949560965_Counterfeit_up_20250821_105449_full.jpg,195949560965_Counterfeit_up_20250821_105449_full.jpg,Apple_Watch_10,46mm,Counterfeit,195949560965,Counterfeit,True
./extracted_data/clarity_dataset_v6\train\Apple_Watch_10_46mm_Counterfeit\195949560989_Counterfeit_up_20250821_105340_full.jpg,195949560989_Counterfeit_up_20250821_105340_full.jpg,Apple_Watch_10,46mm,Counterfeit,195949560989,Counterfeit,True
./extracted_data/clarity_dataset_v6\train\Apple_Watch_10_46mm_Counterfeit\195949560996_Counterfeit_down_20250821_105305_full.jpg,195949560996_Counterfeit_down_20250821_105305_full.jpg,Apple_Watch_10,46mm,Counterfeit,195949560996,Counterfeit,True
./extracted_data/clarity_dataset_v6\train\Apple_Watch_10_46mm_Counterfeit\195949560996_Counterfeit_up_20250821_105253_full.jpg,195949560996_Counterfeit_up_20250821_105253_full.jpg,Apple_Watch_10,46mm,Counterfeit,195949560996,Counterfeit,True
./extracted_data/clarity_dataset_v6\train\Apple_Watch_10_46mm_Good\195949560965_Mint_down_20250819_151748_full.jpg,195949560965_Mint_down_20250819_151748_full.jpg,Apple_Watch_10,46mm,Good,195949560965,Grade A,False
./extracted_data/clarity_dataset_v6\train\Apple_Watch_10_46mm_Good\195949560965_Mint_down_20250819_151759_full.jpg,195949560965_Mint_down_20250819_151759_full.jpg,Apple_Watch_10,46mm,Good,195949560965,Grade A,False
./extracted_data/clarity_dataset_v6\train\Apple_Watch_10_46mm_Good\195949560965_Mint_down_20250819_151808_full.jpg,195949560965_Mint_down_20250819_151808_full.jpg,Apple_Watch_10,46mm,Good,195949560965,Grade A,False
./extracted_data/clarity_dataset_v6\train\Apple_Watch_10_46mm_Good\195949560965_Mint_up_20250819_151720_full.jpg,195949560965_Mint_up_20250819_151720_full.jpg,Apple_Watch_10,46mm,Good,195949560965,Grade A,False
./extracted_data/clarity_dataset_v6\train\Apple_Watch_10_46mm_Good\195949560965_Mint_up_20250819_151730_full.jpg,195949560965_Mint_up_20250819_151730_full.jpg,Apple_Watch_10,46mm,Good,195949560965,Grade A,False
./extracted_data/clarity_dataset_v6\train\Apple_Watch_8_41mm_Cellular_Good\194253179948_Mint_down_20250819_153400_full.jpg,194253179948_Mint_down_20250819_153400_full.jpg,Apple_Watch_8_41mm,Cellular,Good,194253179948,Grade A,False
./extracted_data/clarity_dataset_v6\train\Apple_Watch_8_41mm_Cellular_Good\194253179948_Mint_down_20250819_153410_full.jpg,194253179948_Mint_down_20250819_153410_full.jpg,Apple_Watch_8_41mm,Cellular,Good,194253179948,Grade A,False
./extracted_data/clarity_dataset_v6\train\Apple_Watch_8_41mm_Cellular_Good\194253179948_Mint_down_20250819_153419_full.jpg,194253179948_Mint_down_20250819_153419_full.jpg,Apple_Watch_8_41mm,Cellular,Good,194253179948,Grade A,False
./extracted_data/clarity_dataset_v6\train\Apple_Watch_8_41mm_Cellular_Good\194253179948_Mint_up_20250819_153331_full.jpg,194253179948_Mint_up_20250819_153331_full.jpg,Apple_Watch_8_41mm,Cellular,Good,194253179948,Grade A,False
./extracted_data/clarity_dataset_v6\train\Apple_Watch_8_41mm_Cellular_Good\194253179948_Mint_up_20250819_153340_full.jpg,194253179948_Mint_up_20250819_153340_full.jpg,Apple_Watch_8_41mm,Cellular,Good,194253179948,Grade A,False
./extracted_data/clarity_dataset_v6\train\Apple_Watch_8_41mm_Cellular_Good\194253179948_Mint_up_20250819_153350_full.jpg,194253179948_Mint_up_20250819_153350_full.jpg,Apple_Watch_8_41mm,Cellular,Good,194253179948,Grade A,False
./extracted_data/clarity_dataset_v6\train\Apple_Watch_8_41mm_Cellular_Good\194253215127_Mint_down_20250819_154302_full.jpg,194253215127_Mint_down_20250819_154302_full.jpg,Apple_Watch_8_41mm,Cellular,Good,194253215127,Grade A,False
./extracted_data/clarity_dataset_v6\train\Apple_Watch_8_41mm_Cellular_Good\194253215127_Mint_down_20250819_154312_full.jpg,194253215127_Mint_down_20250819_154312_full.jpg,Apple_Watch_8_41mm,Cellular,Good,194253215127,Grade A,False
./extracted_data/clarity_dataset_v6\train\Apple_Watch_8_41mm_Cellular_Good\194253215127_Mint_down_20250819_154322_full.jpg,194253215127_Mint_down_20250819_154322_full.jpg,Apple_Watch_8_41mm,Cellular,Good,194253215127,Grade A,False
./extracted_data/clarity_dataset_v6\train\Apple_Watch_8_41mm_Cellular_Good\194253215127_Mint_up_20250819_154243_full.jpg,194253215127_Mint_up_20250819_154243_full.jpg,Apple_Watch_8_41mm,Cellular,Good,194253215127,Grade A,False
./extracted_data/clarity_dataset_v6\train\Apple_Watch_8_41mm_Cellular_Good\194253215134_Mint_down_20250819_151644_full.jpg,194253215134_Mint_down_20250819_151644_full.jpg,Apple_Watch_8_41mm,Cellular,Good,194253215134,Grade A,False
./extracted_data/clarity_dataset_v6\train\Apple_Watch_8_41mm_Cellular_Good\194253215134_Mint_down_20250819_151655_full.jpg,194253215134_Mint_down_20250819_151655_full.jpg,Apple_Watch_8_41mm,Cellular,Good,194253215134,Grade A,False
./extracted_data/clarity_dataset_v6\train\Apple_Watch_8_41mm_Cellular_Good\194253215134_Mint_up_20250819_151559_full.jpg,194253215134_Mint_up_20250819_151559_full.jpg,Apple_Watch_8_41mm,Cellular,Good,194253215134,Grade A,False
./extracted_data/clarity_dataset_v6\train\Apple_Watch_8_41mm_Cellular_Good\194253215134_Mint_up_20250819_151624_full.jpg,194253215134_Mint_up_20250819_151624_full.jpg,Apple_Watch_8_41mm,Cellular,Good,194253215134,Grade A,False
./extracted_data/clarity_dataset_v6\train\Apple_Watch_8_41mm_Cellular_Good\194253215172_GradeA_down_20250820_085215_full.jpg,194253215172_GradeA_down_20250820_085215_full.jpg,Apple_Watch_8_41mm,Cellular,Good,194253215172,Grade A,False
./extracted_data/clarity_dataset_v6\train\Apple_Watch_8_41mm_Cellular_Good\194253215172_GradeA_down_20250820_085230_full.jpg,194253215172_GradeA_down_20250820_085230_full.jpg,Apple_Watch_8_41mm,Cellular,Good,194253215172,Grade A,False
./extracted_data/clarity_dataset_v6\train\Apple_Watch_8_41mm_Cellular_Good\194253215172_GradeA_up_20250820_085128_full.jpg,194253215172_GradeA_up_20250820_085128_full.jpg,Apple_Watch_8_41mm,Cellular,Good,194253215172,Grade A,False
./extracted_data/clarity_dataset_v6\train\Apple_Watch_8_41mm_Cellular_Good\194253215172_GradeA_up_20250820_085140_full.jpg,194253215172_GradeA_up_20250820_085140_full.jpg,Apple_Watch_8_41mm,Cellular,Good,194253215172,Grade A,False
./extracted_data/clarity_dataset_v6\train\Apple_Watch_8_41mm_Cellular_Good\194253215172_GradeA_up_20250820_085151_full.jpg,194253215172_GradeA_up_20250820_085151_full.jpg,Apple_Watch_8_41mm,Cellular,Good,194253215172,Grade A,False
./extracted_data/clarity_dataset_v6\train\Apple_Watch_8_41mm_Good\194253214977_Mint_down_20250819_151130_full.jpg,194253214977_Mint_down_20250819_151130_full.jpg,Apple_Watch_8,41mm,Good,194253214977,Grade A,False
./extracted_data/clarity_dataset_v6\train\Apple_Watch_8_41mm_Good\194253214977_Mint_down_20250819_151139_full.jpg,194253214977_Mint_down_20250819_151139_full.jpg,Apple_Watch_8,41mm,Good,194253214977,Grade A,False
./extracted_data/clarity_dataset_v6\train\Apple_Watch_8_41mm_Good\194253214977_Mint_up_20250819_151051_full.jpg,194253214977_Mint_up_20250819_151051_full.jpg,Apple_Watch_8,41mm,Good,194253214977,Grade A,False
./extracted_data/clarity_dataset_v6\train\Apple_Watch_8_41mm_Good\194253214977_Mint_up_20250819_151101_full.jpg,194253214977_Mint_up_20250819_151101_full.jpg,Apple_Watch_8,41mm,Good,194253214977,Grade A,False
./extracted_data/clarity_dataset_v6\train\Apple_Watch_8_41mm_Good\194253214977_Mint_up_20250819_151111_full.jpg,194253214977_Mint_up_20250819_151111_full.jpg,Apple_Watch_8,41mm,Good,194253214977,Grade A,False
./extracted_data/clarity_dataset_v6\train\Apple_Watch_8_45mm_Cellular_Good\194253182832_Mint_down_20250819_153633_full.jpg,194253182832_Mint_down_20250819_153633_full.jpg,Apple_Watch_8_45mm,Cellular,Good,194253182832,Grade A,False
./extracted_data/clarity_dataset_v6\train\Apple_Watch_8_45mm_Cellular_Good\194253182832_Mint_down_20250819_153654_full.jpg,194253182832_Mint_down_20250819_153654_full.jpg,Apple_Watch_8_45mm,Cellular,Good,194253182832,Grade A,False
./extracted_data/clarity_dataset_v6\train\Apple_Watch_8_45mm_Cellular_Good\194253182832_Mint_up_20250819_153614_full.jpg,194253182832_Mint_up_20250819_153614_full.jpg,Apple_Watch_8_45mm,Cellular,Good,194253182832,Grade A,False
./extracted_data/clarity_dataset_v6\train\Apple_Watch_8_45mm_Cellular_Good\194253182832_Mint_up_20250819_153625_full.jpg,194253182832_Mint_up_20250819_153625_full.jpg,Apple_Watch_8_45mm,Cellular,Good,194253182832,Grade A,False
./extracted_data/clarity_dataset_v6\train\Apple_Watch_8_45mm_Cellular_Good\194253215257_Mint_down_20250819_154200_full.jpg,194253215257_Mint_down_20250819_154200_full.jpg,Apple_Watch_8_45mm,Cellular,Good,194253215257,Grade A,False
./extracted_data/clarity_dataset_v6\train\Apple_Watch_8_45mm_Cellular_Good\194253215257_Mint_down_20250819_154212_full.jpg,194253215257_Mint_down_20250819_154212_full.jpg,Apple_Watch_8_45mm,Cellular,Good,194253215257,Grade A,False
./extracted_data/clarity_dataset_v6\train\Apple_Watch_8_45mm_Cellular_Good\194253215257_Mint_up_20250819_154121_full.jpg,194253215257_Mint_up_20250819_154121_full.jpg,Apple_Watch_8_45mm,Cellular,Good,194253215257,Grade A,False
./extracted_data/clarity_dataset_v6\train\Apple_Watch_8_45mm_Cellular_Good\194253215257_Mint_up_20250819_154131_full.jpg,194253215257_Mint_up_20250819_154131_full.jpg,Apple_Watch_8_45mm,Cellular,Good,194253215257,Grade A,False
./extracted_data/clarity_dataset_v6\train\Apple_Watch_8_45mm_Cellular_Good\194253215257_Mint_up_20250819_154141_full.jpg,194253215257_Mint_up_20250819_154141_full.jpg,Apple_Watch_8_45mm,Cellular,Good,194253215257,Grade A,False
./extracted_data/clarity_dataset_v6\train\Apple_Watch_8_45mm_Cellular_Good\194253215264_GradeA_down_20250820_085334_full.jpg,194253215264_GradeA_down_20250820_085334_full.jpg,Apple_Watch_8_45mm,Cellular,Good,194253215264,Grade A,False
./extracted_data/clarity_dataset_v6\train\Apple_Watch_8_45mm_Cellular_Good\194253215264_GradeA_down_20250820_085345_full.jpg,194253215264_GradeA_down_20250820_085345_full.jpg,Apple_Watch_8_45mm,Cellular,Good,194253215264,Grade A,False
./extracted_data/clarity_dataset_v6\train\Apple_Watch_8_45mm_Cellular_Good\194253215264_GradeA_down_20250820_085356_full.jpg,194253215264_GradeA_down_20250820_085356_full.jpg,Apple_Watch_8_45mm,Cellular,Good,194253215264,Grade A,False
./extracted_data/clarity_dataset_v6\train\Apple_Watch_8_45mm_Cellular_Good\194253215264_GradeA_up_20250820_085257_full.jpg,194253215264_GradeA_up_20250820_085257_full.jpg,Apple_Watch_8_45mm,Cellular,Good,194253215264,Grade A,False
./extracted_data/clarity_dataset_v6\train\Apple_Watch_8_45mm_Cellular_Good\194253215264_GradeA_up_20250820_085322_full.jpg,194253215264_GradeA_up_20250820_085322_full.jpg,Apple_Watch_8_45mm,Cellular,Good,194253215264,Grade A,False
./extracted_data/clarity_dataset_v6\train\Apple_Watch_8_45mm_Cellular_Good\194253215288_Mint_down_20250819_160300_full.jpg,194253215288_Mint_down_20250819_160300_full.jpg,Apple_Watch_8_45mm,Cellular,Good,194253215288,Grade A,False
./extracted_data/clarity_dataset_v6\train\Apple_Watch_8_45mm_Cellular_Good\194253215288_Mint_down_20250819_160311_full.jpg,194253215288_Mint_down_20250819_160311_full.jpg,Apple_Watch_8_45mm,Cellular,Good,194253215288,Grade A,False
./extracted_data/clarity_dataset_v6\train\Apple_Watch_8_45mm_Cellular_Good\194253215288_Mint_up_20250819_160221_full.jpg,194253215288_Mint_up_20250819_160221_full.jpg,Apple_Watch_8_45mm,Cellular,Good,194253215288,Grade A,False
./extracted_data/clarity_dataset_v6\train\Apple_Watch_8_45mm_Cellular_Good\194253215288_Mint_up_20250819_160231_full.jpg,194253215288_Mint_up_20250819_160231_full.jpg,Apple_Watch_8_45mm,Cellular,Good,194253215288,Grade A,False
./extracted_data/clarity_dataset_v6\train\Apple_Watch_8_45mm_Cellular_Good\194253215288_Mint_up_20250819_160242_full.jpg,194253215288_Mint_up_20250819_160242_full.jpg,Apple_Watch_8_45mm,Cellular,Good,194253215288,Grade A,False
./extracted_data/clarity_dataset_v6\train\Apple_Watch_9_41mm_Cellular_Good\194253845393_Mint_down_20250819_155216_full.jpg,194253845393_Mint_down_20250819_155216_full.jpg,Apple_Watch_9_41mm,Cellular,Good,194253845393,Grade A,False
./extracted_data/clarity_dataset_v6\train\Apple_Watch_9_41mm_Cellular_Good\194253845393_Mint_down_20250819_155239_full.jpg,194253845393_Mint_down_20250819_155239_full.jpg,Apple_Watch_9_41mm,Cellular,Good,194253845393,Grade A,False
./extracted_data/clarity_dataset_v6\train\Apple_Watch_9_41mm_Cellular_Good\194253845393_Mint_up_20250819_155148_full.jpg,194253845393_Mint_up_20250819_155148_full.jpg,Apple_Watch_9_41mm,Cellular,Good,194253845393,Grade A,False
./extracted_data/clarity_dataset_v6\train\Apple_Watch_9_41mm_Cellular_Good\194253845393_Mint_up_20250819_155207_full.jpg,194253845393_Mint_up_20250819_155207_full.jpg,Apple_Watch_9_41mm,Cellular,Good,194253845393,Grade A,False
./extracted_data/clarity_dataset_v6\train\Apple_Watch_9_41mm_Cellular_Good\194253942665_Mint_down_20250819_153801_full.jpg,194253942665_Mint_down_20250819_153801_full.jpg,Apple_Watch_9_41mm,Cellular,Good,194253942665,Grade A,False
./extracted_data/clarity_dataset_v6\train\Apple_Watch_9_41mm_Cellular_Good\194253942665_Mint_down_20250819_153811_full.jpg,194253942665_Mint_down_20250819_153811_full.jpg,Apple_Watch_9_41mm,Cellular,Good,194253942665,Grade A,False
./extracted_data/clarity_dataset_v6\train\Apple_Watch_9_41mm_Cellular_Good\194253942665_Mint_down_20250819_153820_full.jpg,194253942665_Mint_down_20250819_153820_full.jpg,Apple_Watch_9_41mm,Cellular,Good,194253942665,Grade A,False
./extracted_data/clarity_dataset_v6\train\Apple_Watch_9_41mm_Cellular_Good\194253942665_Mint_up_20250819_153727_full.jpg,194253942665_Mint_up_20250819_153727_full.jpg,Apple_Watch_9_41mm,Cellular,Good,194253942665,Grade A,False
./extracted_data/clarity_dataset_v6\train\Apple_Watch_9_41mm_Cellular_Good\194253942665_Mint_up_20250819_153741_full.jpg,194253942665_Mint_up_20250819_153741_full.jpg,Apple_Watch_9_41mm,Cellular,Good,194253942665,Grade A,False
./extracted_data/clarity_dataset_v6\train\Apple_Watch_9_41mm_Cellular_Good\194253942665_Mint_up_20250819_153751_full.jpg,194253942665_Mint_up_20250819_153751_full.jpg,Apple_Watch_9_41mm,Cellular,Good,194253942665,Grade A,False
./extracted_data/clarity_dataset_v6\train\Apple_Watch_9_41mm_Good\194253814269_GradeA_down_20250820_085717_full.jpg,194253814269_GradeA_down_20250820_085717_full.jpg,Apple_Watch_9,41mm,Good,194253814269,Grade A,False
./extracted_data/clarity_dataset_v6\train\Apple_Watch_9_41mm_Good\194253814269_GradeA_down_20250820_085742_full.jpg,194253814269_GradeA_down_20250820_085742_full.jpg,Apple_Watch_9,41mm,Good,194253814269,Grade A,False
./extracted_data/clarity_dataset_v6\train\Apple_Watch_9_41mm_Good\194253814269_GradeA_up_20250820_085641_full.jpg,194253814269_GradeA_up_20250820_085641_full.jpg,Apple_Watch_9,41mm,Good,194253814269,Grade A,False
./extracted_data/clarity_dataset_v6\train\Apple_Watch_9_41mm_Good\194253814269_GradeA_up_20250820_085652_full.jpg,194253814269_GradeA_up_20250820_085652_full.jpg,Apple_Watch_9,41mm,Good,194253814269,Grade A,False
./extracted_data/clarity_dataset_v6\train\Apple_Watch_9_41mm_Good\194253814269_GradeA_up_20250820_085705_full.jpg,194253814269_GradeA_up_20250820_085705_full.jpg,Apple_Watch_9,41mm,Good,194253814269,Grade A,False
./extracted_data/clarity_dataset_v6\train\Apple_Watch_9_41mm_Good\194253815372_Mint_down_20250819_155514_full.jpg,194253815372_Mint_down_20250819_155514_full.jpg,Apple_Watch_9,41mm,Good,194253815372,Grade A,False
./extracted_data/clarity_dataset_v6\train\Apple_Watch_9_41mm_Good\194253815372_Mint_down_20250819_155524_full.jpg,194253815372_Mint_down_20250819_155524_full.jpg,Apple_Watch_9,41mm,Good,194253815372,Grade A,False
./extracted_data/clarity_dataset_v6\train\Apple_Watch_9_41mm_Good\194253815372_Mint_down_20250819_155534_full.jpg,194253815372_Mint_down_20250819_155534_full.jpg,Apple_Watch_9,41mm,Good,194253815372,Grade A,False
./extracted_data/clarity_dataset_v6\train\Apple_Watch_9_41mm_Good\194253815372_Mint_up_20250819_155445_full.jpg,194253815372_Mint_up_20250819_155445_full.jpg,Apple_Watch_9,41mm,Good,194253815372,Grade A,False
./extracted_data/clarity_dataset_v6\train\Apple_Watch_9_41mm_Good\194253815372_Mint_up_20250819_155455_full.jpg,194253815372_Mint_up_20250819_155455_full.jpg,Apple_Watch_9,41mm,Good,194253815372,Grade A,False
./extracted_data/clarity_dataset_v6\train\Apple_Watch_9_41mm_Good\194253941538_GradeA_down_20250820_090210_full.jpg,194253941538_GradeA_down_20250820_090210_full.jpg,Apple_Watch_9,41mm,Good,194253941538,Grade A,False
./extracted_data/clarity_dataset_v6\train\Apple_Watch_9_41mm_Good\194253941538_GradeA_down_20250820_090222_full.jpg,194253941538_GradeA_down_20250820_090222_full.jpg,Apple_Watch_9,41mm,Good,194253941538,Grade A,False
./extracted_data/clarity_dataset_v6\train\Apple_Watch_9_41mm_Good\194253941538_GradeA_up_20250820_090124_full.jpg,194253941538_GradeA_up_20250820_090124_full.jpg,Apple_Watch_9,41mm,Good,194253941538,Grade A,False
./extracted_data/clarity_dataset_v6\train\Apple_Watch_9_41mm_Good\194253941538_GradeA_up_20250820_090135_full.jpg,194253941538_GradeA_up_20250820_090135_full.jpg,Apple_Watch_9,41mm,Good,194253941538,Grade A,False
./extracted_data/clarity_dataset_v6\train\Apple_Watch_9_41mm_Good\194253941538_GradeA_up_20250820_090146_full.jpg,194253941538_GradeA_up_20250820_090146_full.jpg,Apple_Watch_9,41mm,Good,194253941538,Grade A,False
./extracted_data/clarity_dataset_v6\train\Apple_Watch_9_41mm_Good\194253941538_Mint_down_20250819_154420_full.jpg,194253941538_Mint_down_20250819_154420_full.jpg,Apple_Watch_9,41mm,Good,194253941538,Grade A,False
./extracted_data/clarity_dataset_v6\train\Apple_Watch_9_41mm_Good\194253941538_Mint_down_20250819_154430_full.jpg,194253941538_Mint_down_20250819_154430_full.jpg,Apple_Watch_9,41mm,Good,194253941538,Grade A,False
./extracted_data/clarity_dataset_v6\train\Apple_Watch_9_41mm_Good\194253941538_Mint_up_20250819_154341_full.jpg,194253941538_Mint_up_20250819_154341_full.jpg,Apple_Watch_9,41mm,Good,194253941538,Grade A,False
./extracted_data/clarity_dataset_v6\train\Apple_Watch_9_41mm_Good\194253941538_Mint_up_20250819_154400_full.jpg,194253941538_Mint_up_20250819_154400_full.jpg,Apple_Watch_9,41mm,Good,194253941538,Grade A,False
./extracted_data/clarity_dataset_v6\train\Apple_Watch_9_45mm_Cellular_Good\194253853817_Mint_down_20250819_154552_full.jpg,194253853817_Mint_down_20250819_154552_full.jpg,Apple_Watch_9_45mm,Cellular,Good,194253853817,Grade A,False
./extracted_data/clarity_dataset_v6\train\Apple_Watch_9_45mm_Cellular_Good\194253853817_Mint_down_20250819_154602_full.jpg,194253853817_Mint_down_20250819_154602_full.jpg,Apple_Watch_9_45mm,Cellular,Good,194253853817,Grade A,False
./extracted_data/clarity_dataset_v6\train\Apple_Watch_9_45mm_Cellular_Good\194253853817_Mint_up_20250819_154513_full.jpg,194253853817_Mint_up_20250819_154513_full.jpg,Apple_Watch_9_45mm,Cellular,Good,194253853817,Grade A,False
./extracted_data/clarity_dataset_v6\train\Apple_Watch_9_45mm_Cellular_Good\194253853817_Mint_up_20250819_154532_full.jpg,194253853817_Mint_up_20250819_154532_full.jpg,Apple_Watch_9_45mm,Cellular,Good,194253853817,Grade A,False
./extracted_data/clarity_dataset_v6\train\Apple_Watch_9_45mm_Cellular_Good\194253926412_Mint_down_20250819_154707_full.jpg,194253926412_Mint_down_20250819_154707_full.jpg,Apple_Watch_9_45mm,Cellular,Good,194253926412,Grade A,False
./extracted_data/clarity_dataset_v6\train\Apple_Watch_9_45mm_Cellular_Good\194253926412_Mint_down_20250819_154726_full.jpg,194253926412_Mint_down_20250819_154726_full.jpg,Apple_Watch_9_45mm,Cellular,Good,194253926412,Grade A,False
./extracted_data/clarity_dataset_v6\train\Apple_Watch_9_45mm_Cellular_Good\194253926412_Mint_up_20250819_154637_full.jpg,194253926412_Mint_up_20250819_154637_full.jpg,Apple_Watch_9_45mm,Cellular,Good,194253926412,Grade A,False
./extracted_data/clarity_dataset_v6\train\Apple_Watch_9_45mm_Cellular_Good\194253926412_Mint_up_20250819_154647_full.jpg,194253926412_Mint_up_20250819_154647_full.jpg,Apple_Watch_9_45mm,Cellular,Good,194253926412,Grade A,False
./extracted_data/clarity_dataset_v6\train\Apple_Watch_9_45mm_Cellular_Good\194253926412_Mint_up_20250819_154658_full.jpg,194253926412_Mint_up_20250819_154658_full.jpg,Apple_Watch_9_45mm,Cellular,Good,194253926412,Grade A,False
./extracted_data/clarity_dataset_v6\train\Apple_Watch_9_45mm_Cellular_Good\194253926757_Mint_down_20250819_165926_full.jpg,194253926757_Mint_down_20250819_165926_full.jpg,Apple_Watch_9_45mm,Cellular,Good,194253926757,Grade A,False
./extracted_data/clarity_dataset_v6\train\Apple_Watch_9_45mm_Cellular_Good\194253926757_Mint_down_20250819_165936_full.jpg,194253926757_Mint_down_20250819_165936_full.jpg,Apple_Watch_9_45mm,Cellular,Good,194253926757,Grade A,False
./extracted_data/clarity_dataset_v6\train\Apple_Watch_9_45mm_Cellular_Good\194253926757_Mint_down_20250819_165947_full.jpg,194253926757_Mint_down_20250819_165947_full.jpg,Apple_Watch_9_45mm,Cellular,Good,194253926757,Grade A,False
./extracted_data/clarity_dataset_v6\train\Apple_Watch_9_45mm_Cellular_Good\194253926757_Mint_up_20250819_165903_full.jpg,194253926757_Mint_up_20250819_165903_full.jpg,Apple_Watch_9_45mm,Cellular,Good,194253926757,Grade A,False
./extracted_data/clarity_dataset_v6\train\Apple_Watch_9_45mm_Cellular_Good\194253926757_Mint_up_20250819_165915_full.jpg,194253926757_Mint_up_20250819_165915_full.jpg,Apple_Watch_9_45mm,Cellular,Good,194253926757,Grade A,False
./extracted_data/clarity_dataset_v6\train\Apple_Watch_9_45mm_Counterfeit\194253941576_Counterfeit_down_20250821_105636_full.jpg,194253941576_Counterfeit_down_20250821_105636_full.jpg,Apple_Watch_9,45mm,Counterfeit,194253941576,Counterfeit,True
./extracted_data/clarity_dataset_v6\train\Apple_Watch_9_45mm_Counterfeit\194253941576_Counterfeit_up_20250821_105625_full.jpg,194253941576_Counterfeit_up_20250821_105625_full.jpg,Apple_Watch_9,45mm,Counterfeit,194253941576,Counterfeit,True
./extracted_data/clarity_dataset_v6\train\Apple_Watch_9_45mm_Counterfeit\194253941606_Counterfeit_down_20250821_105601_full.jpg,194253941606_Counterfeit_down_20250821_105601_full.jpg,Apple_Watch_9,45mm,Counterfeit,194253941606,Counterfeit,True
./extracted_data/clarity_dataset_v6\train\Apple_Watch_9_45mm_Counterfeit\194253941606_Counterfeit_down_20250821_105708_full.jpg,194253941606_Counterfeit_down_20250821_105708_full.jpg,Apple_Watch_9,45mm,Counterfeit,194253941606,Counterfeit,True
./extracted_data/clarity_dataset_v6\train\Apple_Watch_9_45mm_Counterfeit\194253941606_Counterfeit_up_20250821_105657_full.jpg,194253941606_Counterfeit_up_20250821_105657_full.jpg,Apple_Watch_9,45mm,Counterfeit,194253941606,Counterfeit,True
./extracted_data/clarity_dataset_v6\train\Apple_Watch_9_45mm_Good\194253820185_GradeA_down_20250820_085042_full.jpg,194253820185_GradeA_down_20250820_085042_full.jpg,Apple_Watch_9,45mm,Good,194253820185,Grade A,False
./extracted_data/clarity_dataset_v6\train\Apple_Watch_9_45mm_Good\194253820185_GradeA_down_20250820_085054_full.jpg,194253820185_GradeA_down_20250820_085054_full.jpg,Apple_Watch_9,45mm,Good,194253820185,Grade A,False
./extracted_data/clarity_dataset_v6\train\Apple_Watch_9_45mm_Good\194253820185_GradeA_down_20250820_085106_full.jpg,194253820185_GradeA_down_20250820_085106_full.jpg,Apple_Watch_9,45mm,Good,194253820185,Grade A,False
./extracted_data/clarity_dataset_v6\train\Apple_Watch_9_45mm_Good\194253820185_GradeA_up_20250820_085001_full.jpg,194253820185_GradeA_up_20250820_085001_full.jpg,Apple_Watch_9,45mm,Good,194253820185,Grade A,False
./extracted_data/clarity_dataset_v6\train\Apple_Watch_9_45mm_Good\194253820185_GradeA_up_20250820_085019_full.jpg,194253820185_GradeA_up_20250820_085019_full.jpg,Apple_Watch_9,45mm,Good,194253820185,Grade A,False
./extracted_data/clarity_dataset_v6\train\Apple_Watch_9_45mm_Good\194253820185_GradeA_up_20250820_085031_full.jpg,194253820185_GradeA_up_20250820_085031_full.jpg,Apple_Watch_9,45mm,Good,194253820185,Grade A,False
./extracted_data/clarity_dataset_v6\train\Apple_Watch_9_45mm_Good\194253941606_GradeA_down_20250821_085123_full.jpg,194253941606_GradeA_down_20250821_085123_full.jpg,Apple_Watch_9,45mm,Good,194253941606,Grade A,False
./extracted_data/clarity_dataset_v6\train\Apple_Watch_9_45mm_Good\194253941606_GradeA_down_20250821_085134_full.jpg,194253941606_GradeA_down_20250821_085134_full.jpg,Apple_Watch_9,45mm,Good,194253941606,Grade A,False
./extracted_data/clarity_dataset_v6\train\Apple_Watch_9_45mm_Good\194253941606_GradeA_down_20250821_085300_full.jpg,194253941606_GradeA_down_20250821_085300_full.jpg,Apple_Watch_9,45mm,Good,194253941606,Grade A,False
./extracted_data/clarity_dataset_v6\train\Apple_Watch_9_45mm_Good\194253941606_GradeA_down_20250821_085314_full.jpg,194253941606_GradeA_down_20250821_085314_full.jpg,Apple_Watch_9,45mm,Good,194253941606,Grade A,False
./extracted_data/clarity_dataset_v6\train\Apple_Watch_9_45mm_Good\194253941606_GradeA_down_20250821_085325_full.jpg,194253941606_GradeA_down_20250821_085325_full.jpg,Apple_Watch_9,45mm,Good,194253941606,Grade A,False
./extracted_data/clarity_dataset_v6\train\Apple_Watch_9_45mm_Good\194253941606_GradeA_down_20250821_085423_full.jpg,194253941606_GradeA_down_20250821_085423_full.jpg,Apple_Watch_9,45mm,Good,194253941606,Grade A,False
./extracted_data/clarity_dataset_v6\train\Apple_Watch_9_45mm_Good\194253941606_GradeA_down_20250821_085434_full.jpg,194253941606_GradeA_down_20250821_085434_full.jpg,Apple_Watch_9,45mm,Good,194253941606,Grade A,False
./extracted_data/clarity_dataset_v6\train\Apple_Watch_9_45mm_Good\194253941606_GradeA_down_20250821_085445_full.jpg,194253941606_GradeA_down_20250821_085445_full.jpg,Apple_Watch_9,45mm,Good,194253941606,Grade A,False
./extracted_data/clarity_dataset_v6\train\Apple_Watch_9_45mm_Good\194253941606_GradeA_up_20250821_085050_full.jpg,194253941606_GradeA_up_20250821_085050_full.jpg,Apple_Watch_9,45mm,Good,194253941606,Grade A,False
./extracted_data/clarity_dataset_v6\train\Apple_Watch_9_45mm_Good\194253941606_GradeA_up_20250821_085101_full.jpg,194253941606_GradeA_up_20250821_085101_full.jpg,Apple_Watch_9,45mm,Good,194253941606,Grade A,False
./extracted_data/clarity_dataset_v6\train\Apple_Watch_9_45mm_Good\194253941606_GradeA_up_20250821_085112_full.jpg,194253941606_GradeA_up_20250821_085112_full.jpg,Apple_Watch_9,45mm,Good,194253941606,Grade A,False
./extracted_data/clarity_dataset_v6\train\Apple_Watch_9_45mm_Good\194253941606_GradeA_up_20250821_085226_full.jpg,194253941606_GradeA_up_20250821_085226_full.jpg,Apple_Watch_9,45mm,Good,194253941606,Grade A,False
./extracted_data/clarity_dataset_v6\train\Apple_Watch_9_45mm_Good\194253941606_GradeA_up_20250821_085351_full.jpg,194253941606_GradeA_up_20250821_085351_full.jpg,Apple_Watch_9,45mm,Good,194253941606,Grade A,False
./extracted_data/clarity_dataset_v6\train\Apple_Watch_9_45mm_Good\194253941606_GradeA_up_20250821_085402_full.jpg,194253941606_GradeA_up_20250821_085402_full.jpg,Apple_Watch_9,45mm,Good,194253941606,Grade A,False
./extracted_data/clarity_dataset_v6\train\Apple_Watch_9_45mm_Good\194253941606_GradeA_up_20250821_085412_full.jpg,194253941606_GradeA_up_20250821_085412_full.jpg,Apple_Watch_9,45mm,Good,194253941606,Grade A,False
./extracted_data/clarity_dataset_v6\train\Apple_Watch_9_45mm_Good\194253941606_Mint_down_20250819_154039_full.jpg,194253941606_Mint_down_20250819_154039_full.jpg,Apple_Watch_9,45mm,Good,194253941606,Grade A,False
./extracted_data/clarity_dataset_v6\train\Apple_Watch_9_45mm_Good\194253941606_Mint_down_20250819_154058_full.jpg,194253941606_Mint_down_20250819_154058_full.jpg,Apple_Watch_9,45mm,Good,194253941606,Grade A,False
./extracted_data/clarity_dataset_v6\train\Apple_Watch_9_45mm_Good\194253941606_Mint_up_20250819_154010_full.jpg,194253941606_Mint_up_20250819_154010_full.jpg,Apple_Watch_9,45mm,Good,194253941606,Grade A,False
./extracted_data/clarity_dataset_v6\train\Apple_Watch_9_45mm_Good\194253941606_Mint_up_20250819_154019_full.jpg,194253941606_Mint_up_20250819_154019_full.jpg,Apple_Watch_9,45mm,Good,194253941606,Grade A,False
./extracted_data/clarity_dataset_v6\train\Apple_Watch_9_45mm_Good\194253941606_Mint_up_20250819_154029_full.jpg,194253941606_Mint_up_20250819_154029_full.jpg,Apple_Watch_9,45mm,Good,194253941606,Grade A,False
./extracted_data/clarity_dataset_v6\train\Apple_Watch_9_45mm_Good\194253941613_Mint_down_20250819_160045_full.jpg,194253941613_Mint_down_20250819_160045_full.jpg,Apple_Watch_9,45mm,Good,194253941613,Grade A,False
./extracted_data/clarity_dataset_v6\train\Apple_Watch_9_45mm_Good\194253941613_Mint_down_20250819_160104_full.jpg,194253941613_Mint_down_20250819_160104_full.jpg,Apple_Watch_9,45mm,Good,194253941613,Grade A,False
./extracted_data/clarity_dataset_v6\train\Apple_Watch_9_45mm_Good\194253941613_Mint_up_20250819_155829_full.jpg,194253941613_Mint_up_20250819_155829_full.jpg,Apple_Watch_9,45mm,Good,194253941613,Grade A,False
./extracted_data/clarity_dataset_v6\train\Apple_Watch_9_45mm_Good\194253941613_Mint_up_20250819_155839_full.jpg,194253941613_Mint_up_20250819_155839_full.jpg,Apple_Watch_9,45mm,Good,194253941613,Grade A,False
./extracted_data/clarity_dataset_v6\train\Apple_Watch_9_45mm_Good\194253941668_GradeA_down_20250820_084105_full.jpg,194253941668_GradeA_down_20250820_084105_full.jpg,Apple_Watch_9,45mm,Good,194253941668,Grade A,False
./extracted_data/clarity_dataset_v6\train\Apple_Watch_9_45mm_Good\194253941668_GradeA_down_20250820_084118_full.jpg,194253941668_GradeA_down_20250820_084118_full.jpg,Apple_Watch_9,45mm,Good,194253941668,Grade A,False
./extracted_data/clarity_dataset_v6\train\Apple_Watch_9_45mm_Good\194253941668_GradeA_up_20250820_083923_full.jpg,194253941668_GradeA_up_20250820_083923_full.jpg,Apple_Watch_9,45mm,Good,194253941668,Grade A,False
./extracted_data/clarity_dataset_v6\train\Apple_Watch_9_45mm_Good\194253941668_GradeA_up_20250820_084005_full.jpg,194253941668_GradeA_up_20250820_084005_full.jpg,Apple_Watch_9,45mm,Good,194253941668,Grade A,False
./extracted_data/clarity_dataset_v6\train\Apple_Watch_SE_2_40mm_Cellular_Good\194253209546_GradeA_down_20250820_091848_full.jpg,194253209546_GradeA_down_20250820_091848_full.jpg,Apple_Watch_SE_2_40mm,Cellular,Good,194253209546,Grade A,False
./extracted_data/clarity_dataset_v6\train\Apple_Watch_SE_2_40mm_Cellular_Good\194253209546_GradeA_down_20250820_091901_full.jpg,194253209546_GradeA_down_20250820_091901_full.jpg,Apple_Watch_SE_2_40mm,Cellular,Good,194253209546,Grade A,False
./extracted_data/clarity_dataset_v6\train\Apple_Watch_SE_2_40mm_Cellular_Good\194253209546_GradeA_down_20250820_091914_full.jpg,194253209546_GradeA_down_20250820_091914_full.jpg,Apple_Watch_SE_2_40mm,Cellular,Good,194253209546,Grade A,False
./extracted_data/clarity_dataset_v6\train\Apple_Watch_SE_2_40mm_Cellular_Good\194253209546_GradeA_up_20250820_091810_full.jpg,194253209546_GradeA_up_20250820_091810_full.jpg,Apple_Watch_SE_2_40mm,Cellular,Good,194253209546,Grade A,False
./extracted_data/clarity_dataset_v6\train\Apple_Watch_SE_2_40mm_Cellular_Good\194253209546_GradeA_up_20250820_091823_full.jpg,194253209546_GradeA_up_20250820_091823_full.jpg,Apple_Watch_SE_2_40mm,Cellular,Good,194253209546,Grade A,False
./extracted_data/clarity_dataset_v6\train\Apple_Watch_SE_2_40mm_Good\194253769026_GradeA_down_20250820_090503_full.jpg,194253769026_GradeA_down_20250820_090503_full.jpg,Apple_Watch_SE_2,40mm,Good,194253769026,Grade A,False
./extracted_data/clarity_dataset_v6\train\Apple_Watch_SE_2_40mm_Good\194253769026_GradeA_down_20250820_090514_full.jpg,194253769026_GradeA_down_20250820_090514_full.jpg,Apple_Watch_SE_2,40mm,Good,194253769026,Grade A,False
./extracted_data/clarity_dataset_v6\train\Apple_Watch_SE_2_40mm_Good\194253769026_GradeA_up_20250820_090423_full.jpg,194253769026_GradeA_up_20250820_090423_full.jpg,Apple_Watch_SE_2,40mm,Good,194253769026,Grade A,False
./extracted_data/clarity_dataset_v6\train\Apple_Watch_SE_2_40mm_Good\194253769026_GradeA_up_20250820_090435_full.jpg,194253769026_GradeA_up_20250820_090435_full.jpg,Apple_Watch_SE_2,40mm,Good,194253769026,Grade A,False
./extracted_data/clarity_dataset_v6\train\Apple_Watch_SE_2_40mm_Good\194253769026_GradeA_up_20250820_090447_full.jpg,194253769026_GradeA_up_20250820_090447_full.jpg,Apple_Watch_SE_2,40mm,Good,194253769026,Grade A,False
./extracted_data/clarity_dataset_v6\train\Apple_Watch_SE_2_40mm_Good\194253769767_GradeA_down_20250820_090944_full.jpg,194253769767_GradeA_down_20250820_090944_full.jpg,Apple_Watch_SE_2,40mm,Good,194253769767,Grade A,False
./extracted_data/clarity_dataset_v6\train\Apple_Watch_SE_2_40mm_Good\194253769767_GradeA_down_20250820_090957_full.jpg,194253769767_GradeA_down_20250820_090957_full.jpg,Apple_Watch_SE_2,40mm,Good,194253769767,Grade A,False
./extracted_data/clarity_dataset_v6\train\Apple_Watch_SE_2_40mm_Good\194253769767_GradeA_down_20250820_091008_full.jpg,194253769767_GradeA_down_20250820_091008_full.jpg,Apple_Watch_SE_2,40mm,Good,194253769767,Grade A,False
./extracted_data/clarity_dataset_v6\train\Apple_Watch_SE_2_40mm_Good\194253769767_GradeA_up_20250820_090920_full.jpg,194253769767_GradeA_up_20250820_090920_full.jpg,Apple_Watch_SE_2,40mm,Good,194253769767,Grade A,False
./extracted_data/clarity_dataset_v6\train\Apple_Watch_SE_2_40mm_Good\194253770138_GradeA_down_20250820_083757_full.jpg,194253770138_GradeA_down_20250820_083757_full.jpg,Apple_Watch_SE_2,40mm,Good,194253770138,Grade A,False
./extracted_data/clarity_dataset_v6\train\Apple_Watch_SE_2_40mm_Good\194253770138_GradeA_down_20250820_083808_full.jpg,194253770138_GradeA_down_20250820_083808_full.jpg,Apple_Watch_SE_2,40mm,Good,194253770138,Grade A,False
./extracted_data/clarity_dataset_v6\train\Apple_Watch_SE_2_40mm_Good\194253770138_GradeA_down_20250820_083821_full.jpg,194253770138_GradeA_down_20250820_083821_full.jpg,Apple_Watch_SE_2,40mm,Good,194253770138,Grade A,False
./extracted_data/clarity_dataset_v6\train\Apple_Watch_SE_2_40mm_Good\194253770138_GradeA_up_20250820_083629_full.jpg,194253770138_GradeA_up_20250820_083629_full.jpg,Apple_Watch_SE_2,40mm,Good,194253770138,Grade A,False
./extracted_data/clarity_dataset_v6\train\Apple_Watch_SE_2_40mm_Good\194253770138_GradeA_up_20250820_083650_full.jpg,194253770138_GradeA_up_20250820_083650_full.jpg,Apple_Watch_SE_2,40mm,Good,194253770138,Grade A,False
./extracted_data/clarity_dataset_v6\train\Apple_Watch_SE_2_40mm_Good\194253770138_GradeA_up_20250820_083745_full.jpg,194253770138_GradeA_up_20250820_083745_full.jpg,Apple_Watch_SE_2,40mm,Good,194253770138,Grade A,False
./extracted_data/clarity_dataset_v6\train\Apple_Watch_SE_2_40mm_Good\194253770138_Mint_down_20250819_153520_full.jpg,194253770138_Mint_down_20250819_153520_full.jpg,Apple_Watch_SE_2,40mm,Good,194253770138,Grade A,False
./extracted_data/clarity_dataset_v6\train\Apple_Watch_SE_2_40mm_Good\194253770138_Mint_down_20250819_153530_full.jpg,194253770138_Mint_down_20250819_153530_full.jpg,Apple_Watch_SE_2,40mm,Good,194253770138,Grade A,False
./extracted_data/clarity_dataset_v6\train\Apple_Watch_SE_2_40mm_Good\194253770138_Mint_up_20250819_153448_full.jpg,194253770138_Mint_up_20250819_153448_full.jpg,Apple_Watch_SE_2,40mm,Good,194253770138,Grade A,False
./extracted_data/clarity_dataset_v6\train\Apple_Watch_SE_2_40mm_Good\194253770138_Mint_up_20250819_153459_full.jpg,194253770138_Mint_up_20250819_153459_full.jpg,Apple_Watch_SE_2,40mm,Good,194253770138,Grade A,False
./extracted_data/clarity_dataset_v6\train\Apple_Watch_SE_2_44mm_Good\194252618356_GradeA_down_20250820_084220_full.jpg,194252618356_GradeA_down_20250820_084220_full.jpg,Apple_Watch_SE_2,44mm,Good,194252618356,Grade A,False
./extracted_data/clarity_dataset_v6\train\Apple_Watch_SE_2_44mm_Good\194252618356_GradeA_down_20250820_084237_full.jpg,194252618356_GradeA_down_20250820_084237_full.jpg,Apple_Watch_SE_2,44mm,Good,194252618356,Grade A,False
./extracted_data/clarity_dataset_v6\train\Apple_Watch_SE_2_44mm_Good\194252618356_GradeA_up_20250820_084144_full.jpg,194252618356_GradeA_up_20250820_084144_full.jpg,Apple_Watch_SE_2,44mm,Good,194252618356,Grade A,False
./extracted_data/clarity_dataset_v6\train\Apple_Watch_SE_2_44mm_Good\194252618356_GradeA_up_20250820_084158_full.jpg,194252618356_GradeA_up_20250820_084158_full.jpg,Apple_Watch_SE_2,44mm,Good,194252618356,Grade A,False
./extracted_data/clarity_dataset_v6\train\Apple_Watch_SE_2_44mm_Good\194252618356_GradeA_up_20250820_084208_full.jpg,194252618356_GradeA_up_20250820_084208_full.jpg,Apple_Watch_SE_2,44mm,Good,194252618356,Grade A,False
./extracted_data/clarity_dataset_v6\train\Apple_Watch_SE_2_44mm_Good\194252618356_Mint_down_20250819_160413_full.jpg,194252618356_Mint_down_20250819_160413_full.jpg,Apple_Watch_SE_2,44mm,Good,194252618356,Grade A,False
./extracted_data/clarity_dataset_v6\train\Apple_Watch_SE_2_44mm_Good\194252618356_Mint_down_20250819_160422_full.jpg,194252618356_Mint_down_20250819_160422_full.jpg,Apple_Watch_SE_2,44mm,Good,194252618356,Grade A,False
./extracted_data/clarity_dataset_v6\train\Apple_Watch_SE_2_44mm_Good\194253209485_Mint_down_20250819_155630_full.jpg,194253209485_Mint_down_20250819_155630_full.jpg,Apple_Watch_SE_2,44mm,Good,194253209485,Grade A,False
./extracted_data/clarity_dataset_v6\train\Apple_Watch_SE_2_44mm_Good\194253209485_Mint_down_20250819_155640_full.jpg,194253209485_Mint_down_20250819_155640_full.jpg,Apple_Watch_SE_2,44mm,Good,194253209485,Grade A,False
./extracted_data/clarity_dataset_v6\train\Apple_Watch_SE_2_44mm_Good\194253209485_Mint_down_20250819_155650_full.jpg,194253209485_Mint_down_20250819_155650_full.jpg,Apple_Watch_SE_2,44mm,Good,194253209485,Grade A,False
./extracted_data/clarity_dataset_v6\train\Apple_Watch_SE_2_44mm_Good\194253209485_Mint_up_20250819_155600_full.jpg,194253209485_Mint_up_20250819_155600_full.jpg,Apple_Watch_SE_2,44mm,Good,194253209485,Grade A,False
./extracted_data/clarity_dataset_v6\train\Apple_Watch_SE_2_44mm_Good\194253772354_GradeA_down_20250820_090019_full.jpg,194253772354_GradeA_down_20250820_090019_full.jpg,Apple_Watch_SE_2,44mm,Good,194253772354,Grade A,False
./extracted_data/clarity_dataset_v6\train\Apple_Watch_SE_2_44mm_Good\194253772354_GradeA_down_20250820_090031_full.jpg,194253772354_GradeA_down_20250820_090031_full.jpg,Apple_Watch_SE_2,44mm,Good,194253772354,Grade A,False
./extracted_data/clarity_dataset_v6\train\Apple_Watch_SE_2_44mm_Good\194253772354_GradeA_down_20250820_090044_full.jpg,194253772354_GradeA_down_20250820_090044_full.jpg,Apple_Watch_SE_2,44mm,Good,194253772354,Grade A,False
./extracted_data/clarity_dataset_v6\train\Apple_Watch_SE_2_44mm_Good\194253772354_GradeA_up_20250820_085956_full.jpg,194253772354_GradeA_up_20250820_085956_full.jpg,Apple_Watch_SE_2,44mm,Good,194253772354,Grade A,False
./extracted_data/clarity_dataset_v6\train\Apple_Watch_SE_2_44mm_Good\194253772354_GradeA_up_20250820_090007_full.jpg,194253772354_GradeA_up_20250820_090007_full.jpg,Apple_Watch_SE_2,44mm,Good,194253772354,Grade A,False
./extracted_data/clarity_dataset_v6\train\Apple_Watch_SE_2_44mm_Good\195949644450_Mint_down_20250819_151520_full.jpg,195949644450_Mint_down_20250819_151520_full.jpg,Apple_Watch_SE_2,44mm,Good,195949644450,Grade A,False
./extracted_data/clarity_dataset_v6\train\Apple_Watch_SE_2_44mm_Good\195949644450_Mint_down_20250819_151530_full.jpg,195949644450_Mint_down_20250819_151530_full.jpg,Apple_Watch_SE_2,44mm,Good,195949644450,Grade A,False
./extracted_data/clarity_dataset_v6\train\Apple_Watch_SE_2_44mm_Good\195949644450_Mint_up_20250819_151442_full.jpg,195949644450_Mint_up_20250819_151442_full.jpg,Apple_Watch_SE_2,44mm,Good,195949644450,Grade A,False
./extracted_data/clarity_dataset_v6\train\Apple_Watch_SE_2_44mm_Good\195949644450_Mint_up_20250819_151452_full.jpg,195949644450_Mint_up_20250819_151452_full.jpg,Apple_Watch_SE_2,44mm,Good,195949644450,Grade A,False
./extracted_data/clarity_dataset_v6\train\Apple_Watch_SE_2_44mm_Good\195949644450_Mint_up_20250819_151501_full.jpg,195949644450_Mint_up_20250819_151501_full.jpg,Apple_Watch_SE_2,44mm,Good,195949644450,Grade A,False
./extracted_data/clarity_dataset_v6\train\Apple_Watch_SE_2_44mm_Good\195949645532_GradeA_down_20250820_091125_full.jpg,195949645532_GradeA_down_20250820_091125_full.jpg,Apple_Watch_SE_2,44mm,Good,195949645532,Grade A,False
./extracted_data/clarity_dataset_v6\train\Apple_Watch_SE_2_44mm_Good\195949645532_GradeA_down_20250820_091137_full.jpg,195949645532_GradeA_down_20250820_091137_full.jpg,Apple_Watch_SE_2,44mm,Good,195949645532,Grade A,False
./extracted_data/clarity_dataset_v6\train\Apple_Watch_SE_2_44mm_Good\195949645532_GradeA_up_20250820_091032_full.jpg,195949645532_GradeA_up_20250820_091032_full.jpg,Apple_Watch_SE_2,44mm,Good,195949645532,Grade A,False
./extracted_data/clarity_dataset_v6\train\Apple_Watch_SE_2_44mm_Good\195949645532_GradeA_up_20250820_091044_full.jpg,195949645532_GradeA_up_20250820_091044_full.jpg,Apple_Watch_SE_2,44mm,Good,195949645532,Grade A,False
./extracted_data/clarity_dataset_v6\train\Apple_Watch_SE_2_44mm_Good\195949645532_GradeA_up_20250820_091058_full.jpg,195949645532_GradeA_up_20250820_091058_full.jpg,Apple_Watch_SE_2,44mm,Good,195949645532,Grade A,False
./extracted_data/clarity_dataset_v6\train\Beats_Studio3_Counterfeit\190199312784_Counterfeit_down_20250821_095745_full.jpg,190199312784_Counterfeit_down_20250821_095745_full.jpg,Beats,Studio3,Counterfeit,190199312784,Counterfeit,True
./extracted_data/clarity_dataset_v6\train\Beats_Studio3_Counterfeit\190199312784_Counterfeit_up_20250821_095731_full.jpg,190199312784_Counterfeit_up_20250821_095731_full.jpg,Beats,Studio3,Counterfeit,190199312784,Counterfeit,True
./extracted_data/clarity_dataset_v6\train\Beats_Studio3_Counterfeit\190199462748_Counterfeit_down_20250821_095617_full.jpg,190199462748_Counterfeit_down_20250821_095617_full.jpg,Beats,Studio3,Counterfeit,190199462748,Counterfeit,True
./extracted_data/clarity_dataset_v6\train\Beats_Studio3_Counterfeit\190199462748_Counterfeit_down_20250821_095702_full.jpg,190199462748_Counterfeit_down_20250821_095702_full.jpg,Beats,Studio3,Counterfeit,190199462748,Counterfeit,True
./extracted_data/clarity_dataset_v6\train\Beats_Studio3_Counterfeit\190199462748_Counterfeit_up_20250821_095651_full.jpg,190199462748_Counterfeit_up_20250821_095651_full.jpg,Beats,Studio3,Counterfeit,190199462748,Counterfeit,True
./extracted_data/clarity_dataset_v6\train\Beats_Studio3_Good\190199312722_GradeA_down_20250821_080957_full.jpg,190199312722_GradeA_down_20250821_080957_full.jpg,Beats,Studio3,Good,190199312722,Grade A,False
./extracted_data/clarity_dataset_v6\train\Beats_Studio3_Good\190199312722_GradeA_down_20250821_081010_full.jpg,190199312722_GradeA_down_20250821_081010_full.jpg,Beats,Studio3,Good,190199312722,Grade A,False
./extracted_data/clarity_dataset_v6\train\Beats_Studio3_Good\190199312722_GradeA_down_20250821_081023_full.jpg,190199312722_GradeA_down_20250821_081023_full.jpg,Beats,Studio3,Good,190199312722,Grade A,False
./extracted_data/clarity_dataset_v6\train\Beats_Studio3_Good\190199312722_GradeA_down_20250821_081145_full.jpg,190199312722_GradeA_down_20250821_081145_full.jpg,Beats,Studio3,Good,190199312722,Grade A,False
./extracted_data/clarity_dataset_v6\train\Beats_Studio3_Good\190199312722_GradeA_down_20250821_081158_full.jpg,190199312722_GradeA_down_20250821_081158_full.jpg,Beats,Studio3,Good,190199312722,Grade A,False
./extracted_data/clarity_dataset_v6\train\Beats_Studio3_Good\190199312722_GradeA_down_20250821_081212_full.jpg,190199312722_GradeA_down_20250821_081212_full.jpg,Beats,Studio3,Good,190199312722,Grade A,False
./extracted_data/clarity_dataset_v6\train\Beats_Studio3_Good\190199312722_GradeA_down_20250821_081339_full.jpg,190199312722_GradeA_down_20250821_081339_full.jpg,Beats,Studio3,Good,190199312722,Grade A,False
./extracted_data/clarity_dataset_v6\train\Beats_Studio3_Good\190199312722_GradeA_up_20250821_080917_full.jpg,190199312722_GradeA_up_20250821_080917_full.jpg,Beats,Studio3,Good,190199312722,Grade A,False
./extracted_data/clarity_dataset_v6\train\Beats_Studio3_Good\190199312722_GradeA_up_20250821_080931_full.jpg,190199312722_GradeA_up_20250821_080931_full.jpg,Beats,Studio3,Good,190199312722,Grade A,False
./extracted_data/clarity_dataset_v6\train\Beats_Studio3_Good\190199312722_GradeA_up_20250821_080944_full.jpg,190199312722_GradeA_up_20250821_080944_full.jpg,Beats,Studio3,Good,190199312722,Grade A,False
./extracted_data/clarity_dataset_v6\train\Beats_Studio3_Good\190199312722_GradeA_up_20250821_081100_full.jpg,190199312722_GradeA_up_20250821_081100_full.jpg,Beats,Studio3,Good,190199312722,Grade A,False
./extracted_data/clarity_dataset_v6\train\Beats_Studio3_Good\190199312722_GradeA_up_20250821_081132_full.jpg,190199312722_GradeA_up_20250821_081132_full.jpg,Beats,Studio3,Good,190199312722,Grade A,False
./extracted_data/clarity_dataset_v6\train\Beats_Studio3_Good\190199312722_GradeA_up_20250821_081244_full.jpg,190199312722_GradeA_up_20250821_081244_full.jpg,Beats,Studio3,Good,190199312722,Grade A,False
./extracted_data/clarity_dataset_v6\train\Beats_Studio3_Good\190199312722_GradeA_up_20250821_081257_full.jpg,190199312722_GradeA_up_20250821_081257_full.jpg,Beats,Studio3,Good,190199312722,Grade A,False
./extracted_data/clarity_dataset_v6\train\iPad_10_Counterfeit\194253387442_Counterfeit_down_20250821_104108_full.jpg,194253387442_Counterfeit_down_20250821_104108_full.jpg,iPad,10,Counterfeit,194253387442,Counterfeit,True
./extracted_data/clarity_dataset_v6\train\iPad_10_Counterfeit\194253387442_Counterfeit_up_20250821_104055_full.jpg,194253387442_Counterfeit_up_20250821_104055_full.jpg,iPad,10,Counterfeit,194253387442,Counterfeit,True
./extracted_data/clarity_dataset_v6\train\iPad_10_Good\194253387442_GradeA_down_20250820_092656_full.jpg,194253387442_GradeA_down_20250820_092656_full.jpg,iPad,10,Good,194253387442,Grade A,False
./extracted_data/clarity_dataset_v6\train\iPad_10_Good\194253387442_GradeA_down_20250820_092728_full.jpg,194253387442_GradeA_down_20250820_092728_full.jpg,iPad,10,Good,194253387442,Grade A,False
./extracted_data/clarity_dataset_v6\train\iPad_10_Good\194253387442_GradeA_up_20250820_092617_full.jpg,194253387442_GradeA_up_20250820_092617_full.jpg,iPad,10,Good,194253387442,Grade A,False
./extracted_data/clarity_dataset_v6\train\iPad_10_Good\194253387442_GradeA_up_20250820_092630_full.jpg,194253387442_GradeA_up_20250820_092630_full.jpg,iPad,10,Good,194253387442,Grade A,False
./extracted_data/clarity_dataset_v6\train\iPad_10_Good\194253387442_GradeA_up_20250820_092642_full.jpg,194253387442_GradeA_up_20250820_092642_full.jpg,iPad,10,Good,194253387442,Grade A,False
./extracted_data/clarity_dataset_v6\train\iPad_10_Good\194253387442_Mint_down_20250819_142226_full.jpg,194253387442_Mint_down_20250819_142226_full.jpg,iPad,10,Good,194253387442,Grade A,False
./extracted_data/clarity_dataset_v6\train\iPad_10_Good\194253387442_Mint_down_20250819_142237_full.jpg,194253387442_Mint_down_20250819_142237_full.jpg,iPad,10,Good,194253387442,Grade A,False
./extracted_data/clarity_dataset_v6\train\iPad_10_Good\194253387442_Mint_down_20250819_150344_full.jpg,194253387442_Mint_down_20250819_150344_full.jpg,iPad,10,Good,194253387442,Grade A,False
./extracted_data/clarity_dataset_v6\train\iPad_10_Good\194253387442_Mint_down_20250819_150354_full.jpg,194253387442_Mint_down_20250819_150354_full.jpg,iPad,10,Good,194253387442,Grade A,False
./extracted_data/clarity_dataset_v6\train\iPad_10_Good\194253387442_Mint_down_20250819_150403_full.jpg,194253387442_Mint_down_20250819_150403_full.jpg,iPad,10,Good,194253387442,Grade A,False
./extracted_data/clarity_dataset_v6\train\iPad_10_Good\194253387442_Mint_up_20250819_142153_full.jpg,194253387442_Mint_up_20250819_142153_full.jpg,iPad,10,Good,194253387442,Grade A,False
./extracted_data/clarity_dataset_v6\train\iPad_10_Good\194253387442_Mint_up_20250819_142205_full.jpg,194253387442_Mint_up_20250819_142205_full.jpg,iPad,10,Good,194253387442,Grade A,False
./extracted_data/clarity_dataset_v6\train\iPad_10_Good\194253387442_Mint_up_20250819_142215_full.jpg,194253387442_Mint_up_20250819_142215_full.jpg,iPad,10,Good,194253387442,Grade A,False
./extracted_data/clarity_dataset_v6\train\iPad_10_Good\194253387442_Mint_up_20250819_150314_full.jpg,194253387442_Mint_up_20250819_150314_full.jpg,iPad,10,Good,194253387442,Grade A,False
./extracted_data/clarity_dataset_v6\train\iPad_10_Good\194253387442_Mint_up_20250819_150324_full.jpg,194253387442_Mint_up_20250819_150324_full.jpg,iPad,10,Good,194253387442,Grade A,False
./extracted_data/clarity_dataset_v6\train\iPad_10_Good\194253387718_GradeA_down_20250820_092205_full.jpg,194253387718_GradeA_down_20250820_092205_full.jpg,iPad,10,Good,194253387718,Grade A,False
./extracted_data/clarity_dataset_v6\train\iPad_10_Good\194253387718_GradeA_down_20250820_092231_full.jpg,194253387718_GradeA_down_20250820_092231_full.jpg,iPad,10,Good,194253387718,Grade A,False
./extracted_data/clarity_dataset_v6\train\iPad_10_Good\194253387718_GradeA_up_20250820_092126_full.jpg,194253387718_GradeA_up_20250820_092126_full.jpg,iPad,10,Good,194253387718,Grade A,False
./extracted_data/clarity_dataset_v6\train\iPad_10_Good\194253387718_GradeA_up_20250820_092140_full.jpg,194253387718_GradeA_up_20250820_092140_full.jpg,iPad,10,Good,194253387718,Grade A,False
./extracted_data/clarity_dataset_v6\train\iPad_10_Good\194253387718_GradeA_up_20250820_092152_full.jpg,194253387718_GradeA_up_20250820_092152_full.jpg,iPad,10,Good,194253387718,Grade A,False
./extracted_data/clarity_dataset_v6\train\iPad_10_Good\194253387985_GradeA_down_20250820_100621_full.jpg,194253387985_GradeA_down_20250820_100621_full.jpg,iPad,10,Good,194253387985,Grade A,False
./extracted_data/clarity_dataset_v6\train\iPad_10_Good\194253387985_GradeA_down_20250820_100636_full.jpg,194253387985_GradeA_down_20250820_100636_full.jpg,iPad,10,Good,194253387985,Grade A,False
./extracted_data/clarity_dataset_v6\train\iPad_10_Good\194253387985_GradeA_down_20250820_100649_full.jpg,194253387985_GradeA_down_20250820_100649_full.jpg,iPad,10,Good,194253387985,Grade A,False
./extracted_data/clarity_dataset_v6\train\iPad_10_Good\194253387985_GradeA_up_20250820_100540_full.jpg,194253387985_GradeA_up_20250820_100540_full.jpg,iPad,10,Good,194253387985,Grade A,False
./extracted_data/clarity_dataset_v6\train\iPad_10_Good\194253387985_GradeA_up_20250820_100553_full.jpg,194253387985_GradeA_up_20250820_100553_full.jpg,iPad,10,Good,194253387985,Grade A,False
./extracted_data/clarity_dataset_v6\train\iPad_10_Good\194253387985_GradeA_up_20250820_100607_full.jpg,194253387985_GradeA_up_20250820_100607_full.jpg,iPad,10,Good,194253387985,Grade A,False
./extracted_data/clarity_dataset_v6\train\iPad_10_Good\194253389873_GradeA_down_20250820_092906_full.jpg,194253389873_GradeA_down_20250820_092906_full.jpg,iPad,10,Good,194253389873,Grade A,False
./extracted_data/clarity_dataset_v6\train\iPad_10_Good\194253389873_GradeA_down_20250820_092919_full.jpg,194253389873_GradeA_down_20250820_092919_full.jpg,iPad,10,Good,194253389873,Grade A,False
./extracted_data/clarity_dataset_v6\train\iPad_10_Good\194253389873_GradeA_up_20250820_092804_full.jpg,194253389873_GradeA_up_20250820_092804_full.jpg,iPad,10,Good,194253389873,Grade A,False
./extracted_data/clarity_dataset_v6\train\iPad_10_Good\194253389873_GradeA_up_20250820_092821_full.jpg,194253389873_GradeA_up_20250820_092821_full.jpg,iPad,10,Good,194253389873,Grade A,False
./extracted_data/clarity_dataset_v6\train\iPad_10_Good\194253389873_GradeA_up_20250820_092834_full.jpg,194253389873_GradeA_up_20250820_092834_full.jpg,iPad,10,Good,194253389873,Grade A,False
./extracted_data/clarity_dataset_v6\train\iPad_10_Good\194253389873_Mint_down_20250819_142750_full.jpg,194253389873_Mint_down_20250819_142750_full.jpg,iPad,10,Good,194253389873,Grade A,False
./extracted_data/clarity_dataset_v6\train\iPad_10_Good\194253389873_Mint_down_20250819_142800_full.jpg,194253389873_Mint_down_20250819_142800_full.jpg,iPad,10,Good,194253389873,Grade A,False
./extracted_data/clarity_dataset_v6\train\iPad_10_Good\194253389873_Mint_down_20250819_142810_full.jpg,194253389873_Mint_down_20250819_142810_full.jpg,iPad,10,Good,194253389873,Grade A,False
./extracted_data/clarity_dataset_v6\train\iPad_10_Good\194253389873_Mint_up_20250819_142719_full.jpg,194253389873_Mint_up_20250819_142719_full.jpg,iPad,10,Good,194253389873,Grade A,False
./extracted_data/clarity_dataset_v6\train\iPad_10_Good\194253389873_Mint_up_20250819_142729_full.jpg,194253389873_Mint_up_20250819_142729_full.jpg,iPad,10,Good,194253389873,Grade A,False
./extracted_data/clarity_dataset_v6\train\iPad_10_Good\194253389873_Mint_up_20250819_142740_full.jpg,194253389873_Mint_up_20250819_142740_full.jpg,iPad,10,Good,194253389873,Grade A,False
./extracted_data/clarity_dataset_v6\train\iPad_10_Good\194253390145_GradeA_down_20250820_120836_full.jpg,194253390145_GradeA_down_20250820_120836_full.jpg,iPad,10,Good,194253390145,Grade A,False
./extracted_data/clarity_dataset_v6\train\iPad_10_Good\194253390145_GradeA_down_20250820_120850_full.jpg,194253390145_GradeA_down_20250820_120850_full.jpg,iPad,10,Good,194253390145,Grade A,False
./extracted_data/clarity_dataset_v6\train\iPad_10_Good\194253390145_GradeA_up_20250820_120755_full.jpg,194253390145_GradeA_up_20250820_120755_full.jpg,iPad,10,Good,194253390145,Grade A,False
./extracted_data/clarity_dataset_v6\train\iPad_10_Good\194253390145_GradeA_up_20250820_120809_full.jpg,194253390145_GradeA_up_20250820_120809_full.jpg,iPad,10,Good,194253390145,Grade A,False
./extracted_data/clarity_dataset_v6\train\iPad_10_Good\194253390145_GradeA_up_20250820_120823_full.jpg,194253390145_GradeA_up_20250820_120823_full.jpg,iPad,10,Good,194253390145,Grade A,False
./extracted_data/clarity_dataset_v6\train\iPad_10_Good\194253390145_Mint_down_20250819_150008_full.jpg,194253390145_Mint_down_20250819_150008_full.jpg,iPad,10,Good,194253390145,Grade A,False
./extracted_data/clarity_dataset_v6\train\iPad_10_Good\194253390145_Mint_down_20250819_150017_full.jpg,194253390145_Mint_down_20250819_150017_full.jpg,iPad,10,Good,194253390145,Grade A,False
./extracted_data/clarity_dataset_v6\train\iPad_10_Good\194253390145_Mint_up_20250819_145937_full.jpg,194253390145_Mint_up_20250819_145937_full.jpg,iPad,10,Good,194253390145,Grade A,False
./extracted_data/clarity_dataset_v6\train\iPad_10_Good\194253390411_GradeA_down_20250820_102643_full.jpg,194253390411_GradeA_down_20250820_102643_full.jpg,iPad,10,Good,194253390411,Grade A,False
./extracted_data/clarity_dataset_v6\train\iPad_10_Good\194253390411_GradeA_down_20250820_102656_full.jpg,194253390411_GradeA_down_20250820_102656_full.jpg,iPad,10,Good,194253390411,Grade A,False
./extracted_data/clarity_dataset_v6\train\iPad_10_Good\194253390411_GradeA_up_20250820_102602_full.jpg,194253390411_GradeA_up_20250820_102602_full.jpg,iPad,10,Good,194253390411,Grade A,False
./extracted_data/clarity_dataset_v6\train\iPad_11_Good\195950084931_GradeA_down_20250820_120528_full.jpg,195950084931_GradeA_down_20250820_120528_full.jpg,iPad,11,Good,195950084931,Grade A,False
./extracted_data/clarity_dataset_v6\train\iPad_11_Good\195950084931_GradeA_down_20250820_120542_full.jpg,195950084931_GradeA_down_20250820_120542_full.jpg,iPad,11,Good,195950084931,Grade A,False
./extracted_data/clarity_dataset_v6\train\iPad_11_Good\195950084931_GradeA_down_20250821_082436_full.jpg,195950084931_GradeA_down_20250821_082436_full.jpg,iPad,11,Good,195950084931,Grade A,False
./extracted_data/clarity_dataset_v6\train\iPad_11_Good\195950084931_GradeA_down_20250821_082446_full.jpg,195950084931_GradeA_down_20250821_082446_full.jpg,iPad,11,Good,195950084931,Grade A,False
./extracted_data/clarity_dataset_v6\train\iPad_11_Good\195950084931_GradeA_down_20250821_082456_full.jpg,195950084931_GradeA_down_20250821_082456_full.jpg,iPad,11,Good,195950084931,Grade A,False
./extracted_data/clarity_dataset_v6\train\iPad_11_Good\195950084931_GradeA_down_20250821_082603_full.jpg,195950084931_GradeA_down_20250821_082603_full.jpg,iPad,11,Good,195950084931,Grade A,False
./extracted_data/clarity_dataset_v6\train\iPad_11_Good\195950084931_GradeA_down_20250821_082627_full.jpg,195950084931_GradeA_down_20250821_082627_full.jpg,iPad,11,Good,195950084931,Grade A,False
./extracted_data/clarity_dataset_v6\train\iPad_11_Good\195950084931_GradeA_down_20250821_082724_full.jpg,195950084931_GradeA_down_20250821_082724_full.jpg,iPad,11,Good,195950084931,Grade A,False
./extracted_data/clarity_dataset_v6\train\iPad_11_Good\195950084931_GradeA_down_20250821_082747_full.jpg,195950084931_GradeA_down_20250821_082747_full.jpg,iPad,11,Good,195950084931,Grade A,False
./extracted_data/clarity_dataset_v6\train\iPad_11_Good\195950084931_GradeA_up_20250820_120432_full.jpg,195950084931_GradeA_up_20250820_120432_full.jpg,iPad,11,Good,195950084931,Grade A,False
./extracted_data/clarity_dataset_v6\train\iPad_11_Good\195950084931_GradeA_up_20250820_120445_full.jpg,195950084931_GradeA_up_20250820_120445_full.jpg,iPad,11,Good,195950084931,Grade A,False
./extracted_data/clarity_dataset_v6\train\iPad_11_Good\195950084931_GradeA_up_20250821_082402_full.jpg,195950084931_GradeA_up_20250821_082402_full.jpg,iPad,11,Good,195950084931,Grade A,False
./extracted_data/clarity_dataset_v6\train\iPad_11_Good\195950084931_GradeA_up_20250821_082414_full.jpg,195950084931_GradeA_up_20250821_082414_full.jpg,iPad,11,Good,195950084931,Grade A,False
./extracted_data/clarity_dataset_v6\train\iPad_11_Good\195950084931_GradeA_up_20250821_082425_full.jpg,195950084931_GradeA_up_20250821_082425_full.jpg,iPad,11,Good,195950084931,Grade A,False
./extracted_data/clarity_dataset_v6\train\iPad_11_Good\195950084931_GradeA_up_20250821_082526_full.jpg,195950084931_GradeA_up_20250821_082526_full.jpg,iPad,11,Good,195950084931,Grade A,False
./extracted_data/clarity_dataset_v6\train\iPad_11_Good\195950084931_GradeA_up_20250821_082539_full.jpg,195950084931_GradeA_up_20250821_082539_full.jpg,iPad,11,Good,195950084931,Grade A,False
./extracted_data/clarity_dataset_v6\train\iPad_11_Good\195950084931_GradeA_up_20250821_082551_full.jpg,195950084931_GradeA_up_20250821_082551_full.jpg,iPad,11,Good,195950084931,Grade A,False
./extracted_data/clarity_dataset_v6\train\iPad_11_Good\195950084931_GradeA_up_20250821_082655_full.jpg,195950084931_GradeA_up_20250821_082655_full.jpg,iPad,11,Good,195950084931,Grade A,False
./extracted_data/clarity_dataset_v6\train\iPad_11_Good\195950084931_GradeA_up_20250821_082715_full.jpg,195950084931_GradeA_up_20250821_082715_full.jpg,iPad,11,Good,195950084931,Grade A,False
./extracted_data/clarity_dataset_v6\train\iPad_11_Good\195950084931_Mint_down_20250819_151008_full.jpg,195950084931_Mint_down_20250819_151008_full.jpg,iPad,11,Good,195950084931,Grade A,False
./extracted_data/clarity_dataset_v6\train\iPad_11_Good\195950084931_Mint_up_20250819_150916_full.jpg,195950084931_Mint_up_20250819_150916_full.jpg,iPad,11,Good,195950084931,Grade A,False
./extracted_data/clarity_dataset_v6\train\iPad_11_Good\195950084931_Mint_up_20250819_150926_full.jpg,195950084931_Mint_up_20250819_150926_full.jpg,iPad,11,Good,195950084931,Grade A,False
./extracted_data/clarity_dataset_v6\train\iPad_11_Good\195950084931_Mint_up_20250819_150936_full.jpg,195950084931_Mint_up_20250819_150936_full.jpg,iPad,11,Good,195950084931,Grade A,False
./extracted_data/clarity_dataset_v6\train\iPad_11_Good\195950086232_GradeA_down_20250820_093202_full.jpg,195950086232_GradeA_down_20250820_093202_full.jpg,iPad,11,Good,195950086232,Grade A,False
./extracted_data/clarity_dataset_v6\train\iPad_11_Good\195950086232_GradeA_down_20250820_093229_full.jpg,195950086232_GradeA_down_20250820_093229_full.jpg,iPad,11,Good,195950086232,Grade A,False
./extracted_data/clarity_dataset_v6\train\iPad_11_Good\195950086232_GradeA_up_20250820_093134_full.jpg,195950086232_GradeA_up_20250820_093134_full.jpg,iPad,11,Good,195950086232,Grade A,False
./extracted_data/clarity_dataset_v6\train\iPad_11_Good\195950086232_GradeA_up_20250820_093148_full.jpg,195950086232_GradeA_up_20250820_093148_full.jpg,iPad,11,Good,195950086232,Grade A,False
./extracted_data/clarity_dataset_v6\train\iPad_11_Good\195950086461_Mint_down_20250819_141506_full.jpg,195950086461_Mint_down_20250819_141506_full.jpg,iPad,11,Good,195950086461,Grade A,False
./extracted_data/clarity_dataset_v6\train\iPad_11_Good\195950086461_Mint_down_20250819_141516_full.jpg,195950086461_Mint_down_20250819_141516_full.jpg,iPad,11,Good,195950086461,Grade A,False
./extracted_data/clarity_dataset_v6\train\iPad_11_Good\195950086461_Mint_down_20250819_141526_full.jpg,195950086461_Mint_down_20250819_141526_full.jpg,iPad,11,Good,195950086461,Grade A,False
./extracted_data/clarity_dataset_v6\train\iPad_11_Good\195950086461_Mint_up_20250819_141436_full.jpg,195950086461_Mint_up_20250819_141436_full.jpg,iPad,11,Good,195950086461,Grade A,False
./extracted_data/clarity_dataset_v6\train\iPad_11_Good\195950086461_Mint_up_20250819_141446_full.jpg,195950086461_Mint_up_20250819_141446_full.jpg,iPad,11,Good,195950086461,Grade A,False
./extracted_data/clarity_dataset_v6\train\iPad_11_Good\195950086461_Mint_up_20250819_141456_full.jpg,195950086461_Mint_up_20250819_141456_full.jpg,iPad,11,Good,195950086461,Grade A,False
./extracted_data/clarity_dataset_v6\train\iPad_11_Good\195950086690_GradeA_down_20250820_093911_full.jpg,195950086690_GradeA_down_20250820_093911_full.jpg,iPad,11,Good,195950086690,Grade A,False
./extracted_data/clarity_dataset_v6\train\iPad_11_Good\195950086690_GradeA_down_20250820_093924_full.jpg,195950086690_GradeA_down_20250820_093924_full.jpg,iPad,11,Good,195950086690,Grade A,False
./extracted_data/clarity_dataset_v6\train\iPad_11_Good\195950086690_GradeA_up_20250820_093818_full.jpg,195950086690_GradeA_up_20250820_093818_full.jpg,iPad,11,Good,195950086690,Grade A,False
./extracted_data/clarity_dataset_v6\train\iPad_11_Good\195950086690_GradeA_up_20250820_093830_full.jpg,195950086690_GradeA_up_20250820_093830_full.jpg,iPad,11,Good,195950086690,Grade A,False
./extracted_data/clarity_dataset_v6\train\iPad_11_Good\195950086690_GradeA_up_20250820_093845_full.jpg,195950086690_GradeA_up_20250820_093845_full.jpg,iPad,11,Good,195950086690,Grade A,False
./extracted_data/clarity_dataset_v6\train\iPad_11_Good\195950087154_GradeA_down_20250820_100955_full.jpg,195950087154_GradeA_down_20250820_100955_full.jpg,iPad,11,Good,195950087154,Grade A,False
./extracted_data/clarity_dataset_v6\train\iPad_11_Good\195950087154_GradeA_down_20250820_101009_full.jpg,195950087154_GradeA_down_20250820_101009_full.jpg,iPad,11,Good,195950087154,Grade A,False
./extracted_data/clarity_dataset_v6\train\iPad_11_Good\195950087154_GradeA_down_20250820_101028_full.jpg,195950087154_GradeA_down_20250820_101028_full.jpg,iPad,11,Good,195950087154,Grade A,False
./extracted_data/clarity_dataset_v6\train\iPad_11_Good\195950087154_GradeA_up_20250820_100859_full.jpg,195950087154_GradeA_up_20250820_100859_full.jpg,iPad,11,Good,195950087154,Grade A,False
./extracted_data/clarity_dataset_v6\train\iPad_11_Good\195950087154_GradeA_up_20250820_100913_full.jpg,195950087154_GradeA_up_20250820_100913_full.jpg,iPad,11,Good,195950087154,Grade A,False
./extracted_data/clarity_dataset_v6\train\iPad_11_Good\195950087154_GradeA_up_20250820_100926_full.jpg,195950087154_GradeA_up_20250820_100926_full.jpg,iPad,11,Good,195950087154,Grade A,False
./extracted_data/clarity_dataset_v6\train\iPad_11_Good\195950087383_GradeA_down_20250820_094114_full.jpg,195950087383_GradeA_down_20250820_094114_full.jpg,iPad,11,Good,195950087383,Grade A,False
./extracted_data/clarity_dataset_v6\train\iPad_11_Good\195950087383_GradeA_down_20250820_094127_full.jpg,195950087383_GradeA_down_20250820_094127_full.jpg,iPad,11,Good,195950087383,Grade A,False
./extracted_data/clarity_dataset_v6\train\iPad_11_Good\195950087383_GradeA_up_20250820_094033_full.jpg,195950087383_GradeA_up_20250820_094033_full.jpg,iPad,11,Good,195950087383,Grade A,False
./extracted_data/clarity_dataset_v6\train\iPad_11_Good\195950087383_GradeA_up_20250820_094047_full.jpg,195950087383_GradeA_up_20250820_094047_full.jpg,iPad,11,Good,195950087383,Grade A,False
./extracted_data/clarity_dataset_v6\train\iPad_11_Good\195950087383_Mint_down_20250819_150724_full.jpg,195950087383_Mint_down_20250819_150724_full.jpg,iPad,11,Good,195950087383,Grade A,False
./extracted_data/clarity_dataset_v6\train\iPad_11_Good\195950087383_Mint_down_20250819_150734_full.jpg,195950087383_Mint_down_20250819_150734_full.jpg,iPad,11,Good,195950087383,Grade A,False
./extracted_data/clarity_dataset_v6\train\iPad_11_Good\195950087383_Mint_up_20250819_150705_full.jpg,195950087383_Mint_up_20250819_150705_full.jpg,iPad,11,Good,195950087383,Grade A,False
./extracted_data/clarity_dataset_v6\train\iPad_11_Good\195950087383_Mint_up_20250819_150714_full.jpg,195950087383_Mint_up_20250819_150714_full.jpg,iPad,11,Good,195950087383,Grade A,False
./extracted_data/clarity_dataset_v6\train\iPad_11_Good\195950088076_GradeA_down_20250820_102826_full.jpg,195950088076_GradeA_down_20250820_102826_full.jpg,iPad,11,Good,195950088076,Grade A,False
./extracted_data/clarity_dataset_v6\train\iPad_11_Good\195950088076_GradeA_down_20250820_102838_full.jpg,195950088076_GradeA_down_20250820_102838_full.jpg,iPad,11,Good,195950088076,Grade A,False
./extracted_data/clarity_dataset_v6\train\iPad_11_Good\195950088076_GradeA_down_20250820_102851_full.jpg,195950088076_GradeA_down_20250820_102851_full.jpg,iPad,11,Good,195950088076,Grade A,False
./extracted_data/clarity_dataset_v6\train\iPad_11_Good\195950088076_GradeA_up_20250820_102743_full.jpg,195950088076_GradeA_up_20250820_102743_full.jpg,iPad,11,Good,195950088076,Grade A,False
./extracted_data/clarity_dataset_v6\train\iPad_11_Good\195950088076_GradeA_up_20250820_102756_full.jpg,195950088076_GradeA_up_20250820_102756_full.jpg,iPad,11,Good,195950088076,Grade A,False
./extracted_data/clarity_dataset_v6\train\iPad_11_Good\195950088076_GradeA_up_20250820_102810_full.jpg,195950088076_GradeA_up_20250820_102810_full.jpg,iPad,11,Good,195950088076,Grade A,False
./extracted_data/clarity_dataset_v6\train\iPad_6_Cellular_Counterfeit\190198647818_Counterfeit_down_20250821_104020_full.jpg,190198647818_Counterfeit_down_20250821_104020_full.jpg,iPad_6,Cellular,Counterfeit,190198647818,Counterfeit,True
./extracted_data/clarity_dataset_v6\train\iPad_6_Cellular_Counterfeit\190198647818_Counterfeit_up_20250821_104007_full.jpg,190198647818_Counterfeit_up_20250821_104007_full.jpg,iPad_6,Cellular,Counterfeit,190198647818,Counterfeit,True
./extracted_data/clarity_dataset_v6\train\iPad_6_Counterfeit\190198648952_Counterfeit_down_20250821_104159_full.jpg,190198648952_Counterfeit_down_20250821_104159_full.jpg,iPad,6,Counterfeit,190198648952,Counterfeit,True
./extracted_data/clarity_dataset_v6\train\iPad_6_Counterfeit\190198648952_Counterfeit_up_20250821_104145_full.jpg,190198648952_Counterfeit_up_20250821_104145_full.jpg,iPad,6,Counterfeit,190198648952,Counterfeit,True
./extracted_data/clarity_dataset_v6\train\iPad_9_Good\194252514801_Mint_down_20250819_150116_full.jpg,194252514801_Mint_down_20250819_150116_full.jpg,iPad,9,Good,194252514801,Grade A,False
./extracted_data/clarity_dataset_v6\train\iPad_9_Good\194252514801_Mint_down_20250819_150126_full.jpg,194252514801_Mint_down_20250819_150126_full.jpg,iPad,9,Good,194252514801,Grade A,False
./extracted_data/clarity_dataset_v6\train\iPad_9_Good\194252514801_Mint_down_20250819_150136_full.jpg,194252514801_Mint_down_20250819_150136_full.jpg,iPad,9,Good,194252514801,Grade A,False
./extracted_data/clarity_dataset_v6\train\iPad_9_Good\194252514801_Mint_up_20250819_150046_full.jpg,194252514801_Mint_up_20250819_150046_full.jpg,iPad,9,Good,194252514801,Grade A,False
./extracted_data/clarity_dataset_v6\train\iPad_9_Good\194252514801_Mint_up_20250819_150057_full.jpg,194252514801_Mint_up_20250819_150057_full.jpg,iPad,9,Good,194252514801,Grade A,False
./extracted_data/clarity_dataset_v6\train\iPad_9_Good\194252514801_Mint_up_20250819_150107_full.jpg,194252514801_Mint_up_20250819_150107_full.jpg,iPad,9,Good,194252514801,Grade A,False
./extracted_data/clarity_dataset_v6\train\iPad_9_Good\194252516461_Mint_down_20250819_141701_full.jpg,194252516461_Mint_down_20250819_141701_full.jpg,iPad,9,Good,194252516461,Grade A,False
./extracted_data/clarity_dataset_v6\train\iPad_9_Good\194252516461_Mint_down_20250819_141722_full.jpg,194252516461_Mint_down_20250819_141722_full.jpg,iPad,9,Good,194252516461,Grade A,False
./extracted_data/clarity_dataset_v6\train\iPad_9_Good\194252516461_Mint_up_20250819_141631_full.jpg,194252516461_Mint_up_20250819_141631_full.jpg,iPad,9,Good,194252516461,Grade A,False
./extracted_data/clarity_dataset_v6\train\iPad_9_Good\194252516461_Mint_up_20250819_141642_full.jpg,194252516461_Mint_up_20250819_141642_full.jpg,iPad,9,Good,194252516461,Grade A,False
./extracted_data/clarity_dataset_v6\train\iPad_9_Good\194252516737_GradeA_down_20250820_113835_full.jpg,194252516737_GradeA_down_20250820_113835_full.jpg,iPad,9,Good,194252516737,Grade A,False
./extracted_data/clarity_dataset_v6\train\iPad_9_Good\194252516737_GradeA_up_20250820_113743_full.jpg,194252516737_GradeA_up_20250820_113743_full.jpg,iPad,9,Good,194252516737,Grade A,False
./extracted_data/clarity_dataset_v6\train\iPad_9_Good\194252516737_GradeA_up_20250820_113755_full.jpg,194252516737_GradeA_up_20250820_113755_full.jpg,iPad,9,Good,194252516737,Grade A,False
./extracted_data/clarity_dataset_v6\train\iPad_9_Good\194252516737_GradeA_up_20250820_113809_full.jpg,194252516737_GradeA_up_20250820_113809_full.jpg,iPad,9,Good,194252516737,Grade A,False
./extracted_data/clarity_dataset_v6\train\iPad_Air_5_Good\194252793367_GradeA_down_20250820_093026_full.jpg,194252793367_GradeA_down_20250820_093026_full.jpg,iPad_Air,5,Good,194252793367,Grade A,False
./extracted_data/clarity_dataset_v6\train\iPad_Air_5_Good\194252793367_GradeA_down_20250820_093039_full.jpg,194252793367_GradeA_down_20250820_093039_full.jpg,iPad_Air,5,Good,194252793367,Grade A,False
./extracted_data/clarity_dataset_v6\train\iPad_Air_5_Good\194252793367_GradeA_down_20250820_093053_full.jpg,194252793367_GradeA_down_20250820_093053_full.jpg,iPad_Air,5,Good,194252793367,Grade A,False
./extracted_data/clarity_dataset_v6\train\iPad_Air_5_Good\194252793367_GradeA_up_20250820_092946_full.jpg,194252793367_GradeA_up_20250820_092946_full.jpg,iPad_Air,5,Good,194252793367,Grade A,False
./extracted_data/clarity_dataset_v6\train\iPad_Air_5_Good\194252793367_GradeA_up_20250820_093000_full.jpg,194252793367_GradeA_up_20250820_093000_full.jpg,iPad_Air,5,Good,194252793367,Grade A,False
./extracted_data/clarity_dataset_v6\train\iPad_Air_5_Good\194252793367_GradeA_up_20250820_093012_full.jpg,194252793367_GradeA_up_20250820_093012_full.jpg,iPad_Air,5,Good,194252793367,Grade A,False
./extracted_data/clarity_dataset_v6\train\iPad_Air_5_Good\194252793367_Mint_down_20250819_150505_full.jpg,194252793367_Mint_down_20250819_150505_full.jpg,iPad_Air,5,Good,194252793367,Grade A,False
./extracted_data/clarity_dataset_v6\train\iPad_Air_5_Good\194252793367_Mint_down_20250819_150516_full.jpg,194252793367_Mint_down_20250819_150516_full.jpg,iPad_Air,5,Good,194252793367,Grade A,False
./extracted_data/clarity_dataset_v6\train\iPad_Air_5_Good\194252793367_Mint_up_20250819_150425_full.jpg,194252793367_Mint_up_20250819_150425_full.jpg,iPad_Air,5,Good,194252793367,Grade A,False
./extracted_data/clarity_dataset_v6\train\iPad_Air_5_Good\194252793367_Mint_up_20250819_150446_full.jpg,194252793367_Mint_up_20250819_150446_full.jpg,iPad_Air,5,Good,194252793367,Grade A,False
./extracted_data/clarity_dataset_v6\train\iPad_Air_5_Good\194252794593_GradeA_down_20250820_094612_full.jpg,194252794593_GradeA_down_20250820_094612_full.jpg,iPad_Air,5,Good,194252794593,Grade A,False
./extracted_data/clarity_dataset_v6\train\iPad_Air_5_Good\194252794593_GradeA_down_20250820_094625_full.jpg,194252794593_GradeA_down_20250820_094625_full.jpg,iPad_Air,5,Good,194252794593,Grade A,False
./extracted_data/clarity_dataset_v6\train\iPad_Air_5_Good\194252794593_GradeA_down_20250820_094639_full.jpg,194252794593_GradeA_down_20250820_094639_full.jpg,iPad_Air,5,Good,194252794593,Grade A,False
./extracted_data/clarity_dataset_v6\train\iPad_Air_5_Good\194252794593_GradeA_up_20250820_094519_full.jpg,194252794593_GradeA_up_20250820_094519_full.jpg,iPad_Air,5,Good,194252794593,Grade A,False
./extracted_data/clarity_dataset_v6\train\iPad_Air_5_Good\194252794593_GradeA_up_20250820_094534_full.jpg,194252794593_GradeA_up_20250820_094534_full.jpg,iPad_Air,5,Good,194252794593,Grade A,False
./extracted_data/clarity_dataset_v6\train\iPad_Air_5_Good\194252794593_GradeA_up_20250820_094558_full.jpg,194252794593_GradeA_up_20250820_094558_full.jpg,iPad_Air,5,Good,194252794593,Grade A,False
./extracted_data/clarity_dataset_v6\train\iPad_Air_5_Good\194252795132_GradeA_down_20250820_095025_full.jpg,194252795132_GradeA_down_20250820_095025_full.jpg,iPad_Air,5,Good,194252795132,Grade A,False
./extracted_data/clarity_dataset_v6\train\iPad_Air_5_Good\194252795132_GradeA_down_20250820_095038_full.jpg,194252795132_GradeA_down_20250820_095038_full.jpg,iPad_Air,5,Good,194252795132,Grade A,False
./extracted_data/clarity_dataset_v6\train\iPad_Air_5_Good\194252795132_GradeA_up_20250820_094945_full.jpg,194252795132_GradeA_up_20250820_094945_full.jpg,iPad_Air,5,Good,194252795132,Grade A,False
./extracted_data/clarity_dataset_v6\train\iPad_Air_5_Good\194252795132_GradeA_up_20250820_094958_full.jpg,194252795132_GradeA_up_20250820_094958_full.jpg,iPad_Air,5,Good,194252795132,Grade A,False
./extracted_data/clarity_dataset_v6\train\iPad_Air_5_Good\194252795408_Mint_down_20250819_145548_full.jpg,194252795408_Mint_down_20250819_145548_full.jpg,iPad_Air,5,Good,194252795408,Grade A,False
./extracted_data/clarity_dataset_v6\train\iPad_Air_5_Good\194252795408_Mint_down_20250819_145558_full.jpg,194252795408_Mint_down_20250819_145558_full.jpg,iPad_Air,5,Good,194252795408,Grade A,False
./extracted_data/clarity_dataset_v6\train\iPad_Air_5_Good\194252795408_Mint_down_20250819_145609_full.jpg,194252795408_Mint_down_20250819_145609_full.jpg,iPad_Air,5,Good,194252795408,Grade A,False
./extracted_data/clarity_dataset_v6\train\iPad_Air_5_Good\194252795408_Mint_up_20250819_145515_full.jpg,194252795408_Mint_up_20250819_145515_full.jpg,iPad_Air,5,Good,194252795408,Grade A,False
./extracted_data/clarity_dataset_v6\train\iPad_Air_5_Good\194252795408_Mint_up_20250819_145538_full.jpg,194252795408_Mint_up_20250819_145538_full.jpg,iPad_Air,5,Good,194252795408,Grade A,False
./extracted_data/clarity_dataset_v6\train\iPad_Air_5_Good\194252796757_GradeA_down_20250820_095350_full.jpg,194252796757_GradeA_down_20250820_095350_full.jpg,iPad_Air,5,Good,194252796757,Grade A,False
./extracted_data/clarity_dataset_v6\train\iPad_Air_5_Good\194252796757_GradeA_down_20250821_082302_full.jpg,194252796757_GradeA_down_20250821_082302_full.jpg,iPad_Air,5,Good,194252796757,Grade A,False
./extracted_data/clarity_dataset_v6\train\iPad_Air_5_Good\194252796757_GradeA_down_20250821_082312_full.jpg,194252796757_GradeA_down_20250821_082312_full.jpg,iPad_Air,5,Good,194252796757,Grade A,False
./extracted_data/clarity_dataset_v6\train\iPad_Air_5_Good\194252796757_GradeA_up_20250820_095251_full.jpg,194252796757_GradeA_up_20250820_095251_full.jpg,iPad_Air,5,Good,194252796757,Grade A,False
./extracted_data/clarity_dataset_v6\train\iPad_Air_5_Good\194252796757_GradeA_up_20250820_095308_full.jpg,194252796757_GradeA_up_20250820_095308_full.jpg,iPad_Air,5,Good,194252796757,Grade A,False
./extracted_data/clarity_dataset_v6\train\iPad_Air_5_Good\194252796757_GradeA_up_20250820_095321_full.jpg,194252796757_GradeA_up_20250820_095321_full.jpg,iPad_Air,5,Good,194252796757,Grade A,False
./extracted_data/clarity_dataset_v6\train\iPad_Air_5_Good\194252796757_GradeA_up_20250821_082218_full.jpg,194252796757_GradeA_up_20250821_082218_full.jpg,iPad_Air,5,Good,194252796757,Grade A,False
./extracted_data/clarity_dataset_v6\train\iPad_Air_5_Good\194252797020_Mint_down_20250819_145710_full.jpg,194252797020_Mint_down_20250819_145710_full.jpg,iPad_Air,5,Good,194252797020,Grade A,False
./extracted_data/clarity_dataset_v6\train\iPad_Air_5_Good\194252797020_Mint_down_20250819_145722_full.jpg,194252797020_Mint_down_20250819_145722_full.jpg,iPad_Air,5,Good,194252797020,Grade A,False
./extracted_data/clarity_dataset_v6\train\iPad_Air_5_Good\194252797020_Mint_down_20250819_145734_full.jpg,194252797020_Mint_down_20250819_145734_full.jpg,iPad_Air,5,Good,194252797020,Grade A,False
./extracted_data/clarity_dataset_v6\train\iPad_Air_5_Good\194252797020_Mint_up_20250819_145641_full.jpg,194252797020_Mint_up_20250819_145641_full.jpg,iPad_Air,5,Good,194252797020,Grade A,False
./extracted_data/clarity_dataset_v6\train\iPad_Air_5_Good\194252797020_Mint_up_20250819_145651_full.jpg,194252797020_Mint_up_20250819_145651_full.jpg,iPad_Air,5,Good,194252797020,Grade A,False
./extracted_data/clarity_dataset_v6\train\iPad_Air_5_Good\194252797020_Mint_up_20250819_145701_full.jpg,194252797020_Mint_up_20250819_145701_full.jpg,iPad_Air,5,Good,194252797020,Grade A,False
./extracted_data/clarity_dataset_v6\train\iPad_Air_6_11-inch_Good\195949188138_Mint_down_20250819_150609_full.jpg,195949188138_Mint_down_20250819_150609_full.jpg,iPad_Air_6,11-inch,Good,195949188138,Grade A,False
./extracted_data/clarity_dataset_v6\train\iPad_Air_6_11-inch_Good\195949188138_Mint_down_20250819_150629_full.jpg,195949188138_Mint_down_20250819_150629_full.jpg,iPad_Air_6,11-inch,Good,195949188138,Grade A,False
./extracted_data/clarity_dataset_v6\train\iPad_Air_6_11-inch_Good\195949188138_Mint_up_20250819_150540_full.jpg,195949188138_Mint_up_20250819_150540_full.jpg,iPad_Air_6,11-inch,Good,195949188138,Grade A,False
./extracted_data/clarity_dataset_v6\train\iPad_Air_6_11-inch_Good\195949188138_Mint_up_20250819_150550_full.jpg,195949188138_Mint_up_20250819_150550_full.jpg,iPad_Air_6,11-inch,Good,195949188138,Grade A,False
./extracted_data/clarity_dataset_v6\train\iPad_Air_6_11-inch_Good\195949188138_Mint_up_20250819_150559_full.jpg,195949188138_Mint_up_20250819_150559_full.jpg,iPad_Air_6,11-inch,Good,195949188138,Grade A,False
./extracted_data/clarity_dataset_v6\train\iPad_Air_6_11-inch_Good\195949191107_GradeA_down_20250821_081947_full.jpg,195949191107_GradeA_down_20250821_081947_full.jpg,iPad_Air_6,11-inch,Good,195949191107,Grade A,False
./extracted_data/clarity_dataset_v6\train\iPad_Air_6_11-inch_Good\195949191107_GradeA_down_20250821_081958_full.jpg,195949191107_GradeA_down_20250821_081958_full.jpg,iPad_Air_6,11-inch,Good,195949191107,Grade A,False
./extracted_data/clarity_dataset_v6\train\iPad_Air_6_11-inch_Good\195949191107_GradeA_down_20250821_082009_full.jpg,195949191107_GradeA_down_20250821_082009_full.jpg,iPad_Air_6,11-inch,Good,195949191107,Grade A,False
./extracted_data/clarity_dataset_v6\train\iPad_Air_6_11-inch_Good\195949191107_GradeA_down_20250821_082129_full.jpg,195949191107_GradeA_down_20250821_082129_full.jpg,iPad_Air_6,11-inch,Good,195949191107,Grade A,False
./extracted_data/clarity_dataset_v6\train\iPad_Air_6_11-inch_Good\195949191107_GradeA_down_20250821_082140_full.jpg,195949191107_GradeA_down_20250821_082140_full.jpg,iPad_Air_6,11-inch,Good,195949191107,Grade A,False
./extracted_data/clarity_dataset_v6\train\iPad_Air_6_11-inch_Good\195949191107_GradeA_down_20250821_082150_full.jpg,195949191107_GradeA_down_20250821_082150_full.jpg,iPad_Air_6,11-inch,Good,195949191107,Grade A,False
./extracted_data/clarity_dataset_v6\train\iPad_Air_6_11-inch_Good\195949191107_GradeA_up_20250821_081916_full.jpg,195949191107_GradeA_up_20250821_081916_full.jpg,iPad_Air_6,11-inch,Good,195949191107,Grade A,False
./extracted_data/clarity_dataset_v6\train\iPad_Air_6_11-inch_Good\195949191107_GradeA_up_20250821_082059_full.jpg,195949191107_GradeA_up_20250821_082059_full.jpg,iPad_Air_6,11-inch,Good,195949191107,Grade A,False
./extracted_data/clarity_dataset_v6\train\iPad_Air_6_11-inch_Good\195949191107_GradeA_up_20250821_082109_full.jpg,195949191107_GradeA_up_20250821_082109_full.jpg,iPad_Air_6,11-inch,Good,195949191107,Grade A,False
./extracted_data/clarity_dataset_v6\train\iPad_Air_6_13-inch_Counterfeit\195949251313_Counterfeit_down_20250821_103844_full.jpg,195949251313_Counterfeit_down_20250821_103844_full.jpg,iPad_Air_6,13-inch,Counterfeit,195949251313,Counterfeit,True
./extracted_data/clarity_dataset_v6\train\iPad_Air_6_13-inch_Counterfeit\195949253256_Counterfeit_down_20250821_103927_full.jpg,195949253256_Counterfeit_down_20250821_103927_full.jpg,iPad_Air_6,13-inch,Counterfeit,195949253256,Counterfeit,True
./extracted_data/clarity_dataset_v6\train\iPad_Air_6_13-inch_Counterfeit\195949253256_Counterfeit_up_20250821_103913_full.jpg,195949253256_Counterfeit_up_20250821_103913_full.jpg,iPad_Air_6,13-inch,Counterfeit,195949253256,Counterfeit,True
./extracted_data/clarity_dataset_v6\train\iPad_Air_6_13-inch_Counterfeit\195949253522_Counterfeit_down_20250821_103757_full.jpg,195949253522_Counterfeit_down_20250821_103757_full.jpg,iPad_Air_6,13-inch,Counterfeit,195949253522,Counterfeit,True
./extracted_data/clarity_dataset_v6\train\iPad_Air_6_13-inch_Counterfeit\195949253522_Counterfeit_up_20250821_103744_full.jpg,195949253522_Counterfeit_up_20250821_103744_full.jpg,iPad_Air_6,13-inch,Counterfeit,195949253522,Counterfeit,True
./extracted_data/clarity_dataset_v6\train\iPad_Air_6_13-inch_Good\195949253256_GradeA_down_20250820_094253_full.jpg,195949253256_GradeA_down_20250820_094253_full.jpg,iPad_Air_6,13-inch,Good,195949253256,Grade A,False
./extracted_data/clarity_dataset_v6\train\iPad_Air_6_13-inch_Good\195949253256_GradeA_down_20250820_094306_full.jpg,195949253256_GradeA_down_20250820_094306_full.jpg,iPad_Air_6,13-inch,Good,195949253256,Grade A,False
./extracted_data/clarity_dataset_v6\train\iPad_Air_6_13-inch_Good\195949253256_GradeA_down_20250820_094319_full.jpg,195949253256_GradeA_down_20250820_094319_full.jpg,iPad_Air_6,13-inch,Good,195949253256,Grade A,False
./extracted_data/clarity_dataset_v6\train\iPad_Air_6_13-inch_Good\195949253256_GradeA_up_20250820_094210_full.jpg,195949253256_GradeA_up_20250820_094210_full.jpg,iPad_Air_6,13-inch,Good,195949253256,Grade A,False
./extracted_data/clarity_dataset_v6\train\iPad_Air_6_13-inch_Good\195949253256_GradeA_up_20250820_094226_full.jpg,195949253256_GradeA_up_20250820_094226_full.jpg,iPad_Air_6,13-inch,Good,195949253256,Grade A,False
./extracted_data/clarity_dataset_v6\train\iPad_Air_6_13-inch_Good\195949253256_GradeA_up_20250820_094239_full.jpg,195949253256_GradeA_up_20250820_094239_full.jpg,iPad_Air_6,13-inch,Good,195949253256,Grade A,False
./extracted_data/clarity_dataset_v6\train\iPad_Air_6_13-inch_Good\195949253256_Mint_down_20250819_144921_full.jpg,195949253256_Mint_down_20250819_144921_full.jpg,iPad_Air_6,13-inch,Good,195949253256,Grade A,False
./extracted_data/clarity_dataset_v6\train\iPad_Air_6_13-inch_Good\195949253256_Mint_down_20250819_144931_full.jpg,195949253256_Mint_down_20250819_144931_full.jpg,iPad_Air_6,13-inch,Good,195949253256,Grade A,False
./extracted_data/clarity_dataset_v6\train\iPad_Air_6_13-inch_Good\195949253256_Mint_up_20250819_144837_full.jpg,195949253256_Mint_up_20250819_144837_full.jpg,iPad_Air_6,13-inch,Good,195949253256,Grade A,False
./extracted_data/clarity_dataset_v6\train\iPad_Air_6_13-inch_Good\195949254062_GradeA_down_20250820_114457_full.jpg,195949254062_GradeA_down_20250820_114457_full.jpg,iPad_Air_6,13-inch,Good,195949254062,Grade A,False
./extracted_data/clarity_dataset_v6\train\iPad_Air_6_13-inch_Good\195949254062_GradeA_down_20250820_114511_full.jpg,195949254062_GradeA_down_20250820_114511_full.jpg,iPad_Air_6,13-inch,Good,195949254062,Grade A,False
./extracted_data/clarity_dataset_v6\train\iPad_Air_6_13-inch_Good\195949254062_GradeA_down_20250820_114527_full.jpg,195949254062_GradeA_down_20250820_114527_full.jpg,iPad_Air_6,13-inch,Good,195949254062,Grade A,False
./extracted_data/clarity_dataset_v6\train\iPad_Air_6_13-inch_Good\195949254062_GradeA_up_20250820_114413_full.jpg,195949254062_GradeA_up_20250820_114413_full.jpg,iPad_Air_6,13-inch,Good,195949254062,Grade A,False
./extracted_data/clarity_dataset_v6\train\iPad_Air_6_13-inch_Good\195949254062_GradeA_up_20250820_114429_full.jpg,195949254062_GradeA_up_20250820_114429_full.jpg,iPad_Air_6,13-inch,Good,195949254062,Grade A,False
./extracted_data/clarity_dataset_v6\train\iPad_Air_6_13-inch_Good\195949254062_GradeA_up_20250820_114443_full.jpg,195949254062_GradeA_up_20250820_114443_full.jpg,iPad_Air_6,13-inch,Good,195949254062,Grade A,False
./extracted_data/clarity_dataset_v6\train\iPad_Air_6_13-inch_Good\195949254062_Mint_down_20250819_142346_full.jpg,195949254062_Mint_down_20250819_142346_full.jpg,iPad_Air_6,13-inch,Good,195949254062,Grade A,False
./extracted_data/clarity_dataset_v6\train\iPad_Air_6_13-inch_Good\195949254062_Mint_down_20250819_142356_full.jpg,195949254062_Mint_down_20250819_142356_full.jpg,iPad_Air_6,13-inch,Good,195949254062,Grade A,False
./extracted_data/clarity_dataset_v6\train\iPad_Air_6_13-inch_Good\195949254062_Mint_up_20250819_142315_full.jpg,195949254062_Mint_up_20250819_142315_full.jpg,iPad_Air_6,13-inch,Good,195949254062,Grade A,False
./extracted_data/clarity_dataset_v6\train\iPad_Air_6_13-inch_Good\195949254062_Mint_up_20250819_142335_full.jpg,195949254062_Mint_up_20250819_142335_full.jpg,iPad_Air_6,13-inch,Good,195949254062,Grade A,False
./extracted_data/clarity_dataset_v6\train\iPad_Air_7_11-inch_Good\195949997266_GradeA_down_20250820_095634_full.jpg,195949997266_GradeA_down_20250820_095634_full.jpg,iPad_Air_7,11-inch,Good,195949997266,Grade A,False
./extracted_data/clarity_dataset_v6\train\iPad_Air_7_11-inch_Good\195949997266_GradeA_down_20250820_095649_full.jpg,195949997266_GradeA_down_20250820_095649_full.jpg,iPad_Air_7,11-inch,Good,195949997266,Grade A,False
./extracted_data/clarity_dataset_v6\train\iPad_Air_7_11-inch_Good\195949997266_GradeA_up_20250820_095551_full.jpg,195949997266_GradeA_up_20250820_095551_full.jpg,iPad_Air_7,11-inch,Good,195949997266,Grade A,False
./extracted_data/clarity_dataset_v6\train\iPad_Air_7_11-inch_Good\195949997266_GradeA_up_20250820_095621_full.jpg,195949997266_GradeA_up_20250820_095621_full.jpg,iPad_Air_7,11-inch,Good,195949997266,Grade A,False
./extracted_data/clarity_dataset_v6\train\iPad_Air_7_11-inch_Good\195949997495_GradeA_down_20250820_100806_full.jpg,195949997495_GradeA_down_20250820_100806_full.jpg,iPad_Air_7,11-inch,Good,195949997495,Grade A,False
./extracted_data/clarity_dataset_v6\train\iPad_Air_7_11-inch_Good\195949997495_GradeA_down_20250820_100820_full.jpg,195949997495_GradeA_down_20250820_100820_full.jpg,iPad_Air_7,11-inch,Good,195949997495,Grade A,False
./extracted_data/clarity_dataset_v6\train\iPad_Air_7_11-inch_Good\195949997495_GradeA_up_20250820_100718_full.jpg,195949997495_GradeA_up_20250820_100718_full.jpg,iPad_Air_7,11-inch,Good,195949997495,Grade A,False
./extracted_data/clarity_dataset_v6\train\iPad_Air_7_11-inch_Good\195949997495_GradeA_up_20250820_100736_full.jpg,195949997495_GradeA_up_20250820_100736_full.jpg,iPad_Air_7,11-inch,Good,195949997495,Grade A,False
./extracted_data/clarity_dataset_v6\train\iPad_Air_7_11-inch_Good\195949997495_GradeA_up_20250820_100750_full.jpg,195949997495_GradeA_up_20250820_100750_full.jpg,iPad_Air_7,11-inch,Good,195949997495,Grade A,False
./extracted_data/clarity_dataset_v6\train\iPad_Air_7_11-inch_Good\195949997495_Mint_down_20250819_142628_full.jpg,195949997495_Mint_down_20250819_142628_full.jpg,iPad_Air_7,11-inch,Good,195949997495,Grade A,False
./extracted_data/clarity_dataset_v6\train\iPad_Air_7_11-inch_Good\195949997495_Mint_down_20250819_142639_full.jpg,195949997495_Mint_down_20250819_142639_full.jpg,iPad_Air_7,11-inch,Good,195949997495,Grade A,False
./extracted_data/clarity_dataset_v6\train\iPad_Air_7_11-inch_Good\195949997495_Mint_down_20250819_142650_full.jpg,195949997495_Mint_down_20250819_142650_full.jpg,iPad_Air_7,11-inch,Good,195949997495,Grade A,False
./extracted_data/clarity_dataset_v6\train\iPad_Air_7_11-inch_Good\195949997495_Mint_up_20250819_142556_full.jpg,195949997495_Mint_up_20250819_142556_full.jpg,iPad_Air_7,11-inch,Good,195949997495,Grade A,False
./extracted_data/clarity_dataset_v6\train\iPad_Air_7_11-inch_Good\195949997495_Mint_up_20250819_142618_full.jpg,195949997495_Mint_up_20250819_142618_full.jpg,iPad_Air_7,11-inch,Good,195949997495,Grade A,False
./extracted_data/clarity_dataset_v6\train\iPad_Mini_6_Counterfeit\194252525999_Counterfeit_down_20250821_104525_full.jpg,194252525999_Counterfeit_down_20250821_104525_full.jpg,iPad_Mini,6,Counterfeit,194252525999,Counterfeit,True
./extracted_data/clarity_dataset_v6\train\iPad_Mini_6_Counterfeit\194252525999_Counterfeit_up_20250821_104511_full.jpg,194252525999_Counterfeit_up_20250821_104511_full.jpg,iPad_Mini,6,Counterfeit,194252525999,Counterfeit,True
./extracted_data/clarity_dataset_v6\train\iPad_Mini_6_Counterfeit\194252527962_Counterfeit_down_20250821_104431_full.jpg,194252527962_Counterfeit_down_20250821_104431_full.jpg,iPad_Mini,6,Counterfeit,194252527962,Counterfeit,True
./extracted_data/clarity_dataset_v6\train\iPad_Mini_6_Counterfeit\194252527962_Counterfeit_down_20250821_104621_full.jpg,194252527962_Counterfeit_down_20250821_104621_full.jpg,iPad_Mini,6,Counterfeit,194252527962,Counterfeit,True
./extracted_data/clarity_dataset_v6\train\iPad_Mini_6_Counterfeit\194252527962_Counterfeit_up_20250821_104610_full.jpg,194252527962_Counterfeit_up_20250821_104610_full.jpg,iPad_Mini,6,Counterfeit,194252527962,Counterfeit,True
./extracted_data/clarity_dataset_v6\train\iPad_Mini_6_Good\194252525999_GradeA_down_20250821_083055_full.jpg,194252525999_GradeA_down_20250821_083055_full.jpg,iPad_Mini,6,Good,194252525999,Grade A,False
./extracted_data/clarity_dataset_v6\train\iPad_Mini_6_Good\194252525999_GradeA_down_20250821_083105_full.jpg,194252525999_GradeA_down_20250821_083105_full.jpg,iPad_Mini,6,Good,194252525999,Grade A,False
./extracted_data/clarity_dataset_v6\train\iPad_Mini_6_Good\194252525999_GradeA_up_20250821_083023_full.jpg,194252525999_GradeA_up_20250821_083023_full.jpg,iPad_Mini,6,Good,194252525999,Grade A,False
./extracted_data/clarity_dataset_v6\train\iPad_Mini_6_Good\194252525999_GradeA_up_20250821_083033_full.jpg,194252525999_GradeA_up_20250821_083033_full.jpg,iPad_Mini,6,Good,194252525999,Grade A,False
./extracted_data/clarity_dataset_v6\train\iPad_Mini_6_Good\194252527962_GradeA_down_20250821_082928_full.jpg,194252527962_GradeA_down_20250821_082928_full.jpg,iPad_Mini,6,Good,194252527962,Grade A,False
./extracted_data/clarity_dataset_v6\train\iPad_Mini_6_Good\194252527962_GradeA_down_20250821_082938_full.jpg,194252527962_GradeA_down_20250821_082938_full.jpg,iPad_Mini,6,Good,194252527962,Grade A,False
./extracted_data/clarity_dataset_v6\train\iPad_Mini_6_Good\194252527962_GradeA_up_20250821_082852_full.jpg,194252527962_GradeA_up_20250821_082852_full.jpg,iPad_Mini,6,Good,194252527962,Grade A,False
./extracted_data/clarity_dataset_v6\train\iPad_Mini_6_Good\194252527962_GradeA_up_20250821_082903_full.jpg,194252527962_GradeA_up_20250821_082903_full.jpg,iPad_Mini,6,Good,194252527962,Grade A,False
./extracted_data/clarity_dataset_v6\train\iPad_Mini_6_Good\194252527962_GradeA_up_20250821_082916_full.jpg,194252527962_GradeA_up_20250821_082916_full.jpg,iPad_Mini,6,Good,194252527962,Grade A,False
./extracted_data/clarity_dataset_v6\train\iPad_Mini_6_Good\194252528501_GradeA_down_20250821_083206_full.jpg,194252528501_GradeA_down_20250821_083206_full.jpg,iPad_Mini,6,Good,194252528501,Grade A,False
./extracted_data/clarity_dataset_v6\train\iPad_Mini_6_Good\194252528501_GradeA_down_20250821_083215_full.jpg,194252528501_GradeA_down_20250821_083215_full.jpg,iPad_Mini,6,Good,194252528501,Grade A,False
./extracted_data/clarity_dataset_v6\train\iPad_Mini_6_Good\194252528501_GradeA_up_20250821_083133_full.jpg,194252528501_GradeA_up_20250821_083133_full.jpg,iPad_Mini,6,Good,194252528501,Grade A,False
./extracted_data/clarity_dataset_v6\train\iPad_Mini_6_Good\194252528501_GradeA_up_20250821_083144_full.jpg,194252528501_GradeA_up_20250821_083144_full.jpg,iPad_Mini,6,Good,194252528501,Grade A,False
./extracted_data/clarity_dataset_v6\train\iPad_Mini_6_Good\194252528501_GradeA_up_20250821_083156_full.jpg,194252528501_GradeA_up_20250821_083156_full.jpg,iPad_Mini,6,Good,194252528501,Grade A,False
./extracted_data/clarity_dataset_v6\train\iPad_Mini_7_Good\195949728235_GradeA_down_20250820_095947_full.jpg,195949728235_GradeA_down_20250820_095947_full.jpg,iPad_Mini,7,Good,195949728235,Grade A,False
./extracted_data/clarity_dataset_v6\train\iPad_Mini_7_Good\195949728235_GradeA_down_20250820_100014_full.jpg,195949728235_GradeA_down_20250820_100014_full.jpg,iPad_Mini,7,Good,195949728235,Grade A,False
./extracted_data/clarity_dataset_v6\train\iPad_Mini_7_Good\195949728235_GradeA_up_20250820_095858_full.jpg,195949728235_GradeA_up_20250820_095858_full.jpg,iPad_Mini,7,Good,195949728235,Grade A,False
./extracted_data/clarity_dataset_v6\train\iPad_Mini_7_Good\195949728235_GradeA_up_20250820_095910_full.jpg,195949728235_GradeA_up_20250820_095910_full.jpg,iPad_Mini,7,Good,195949728235,Grade A,False
./extracted_data/clarity_dataset_v6\train\iPad_Mini_7_Good\195949728235_GradeA_up_20250820_095923_full.jpg,195949728235_GradeA_up_20250820_095923_full.jpg,iPad_Mini,7,Good,195949728235,Grade A,False
./extracted_data/clarity_dataset_v6\train\iPad_Mini_7_Good\195949728969_GradeA_down_20250820_102438_full.jpg,195949728969_GradeA_down_20250820_102438_full.jpg,iPad_Mini,7,Good,195949728969,Grade A,False
./extracted_data/clarity_dataset_v6\train\iPad_Mini_7_Good\195949728969_GradeA_down_20250820_102503_full.jpg,195949728969_GradeA_down_20250820_102503_full.jpg,iPad_Mini,7,Good,195949728969,Grade A,False
./extracted_data/clarity_dataset_v6\train\iPad_Mini_7_Good\195949728969_GradeA_up_20250820_102400_full.jpg,195949728969_GradeA_up_20250820_102400_full.jpg,iPad_Mini,7,Good,195949728969,Grade A,False
./extracted_data/clarity_dataset_v6\train\iPad_Mini_7_Good\195949728969_GradeA_up_20250820_102413_full.jpg,195949728969_GradeA_up_20250820_102413_full.jpg,iPad_Mini,7,Good,195949728969,Grade A,False
./extracted_data/clarity_dataset_v6\train\iPad_Mini_7_Good\195949728969_Mint_down_20250819_143021_full.jpg,195949728969_Mint_down_20250819_143021_full.jpg,iPad_Mini,7,Good,195949728969,Grade A,False
./extracted_data/clarity_dataset_v6\train\iPad_Mini_7_Good\195949728969_Mint_down_20250819_143042_full.jpg,195949728969_Mint_down_20250819_143042_full.jpg,iPad_Mini,7,Good,195949728969,Grade A,False
./extracted_data/clarity_dataset_v6\train\iPad_Mini_7_Good\195949728969_Mint_up_20250819_142948_full.jpg,195949728969_Mint_up_20250819_142948_full.jpg,iPad_Mini,7,Good,195949728969,Grade A,False
./extracted_data/clarity_dataset_v6\train\iPad_Mini_7_Good\195949728969_Mint_up_20250819_143001_full.jpg,195949728969_Mint_up_20250819_143001_full.jpg,iPad_Mini,7,Good,195949728969,Grade A,False
./extracted_data/clarity_dataset_v6\train\iPad_Mini_7_Good\195949728969_Mint_up_20250819_143011_full.jpg,195949728969_Mint_up_20250819_143011_full.jpg,iPad_Mini,7,Good,195949728969,Grade A,False
./extracted_data/clarity_dataset_v6\train\iPad_Mini_7_Good\195949729195_GradeA_down_20250820_095808_full.jpg,195949729195_GradeA_down_20250820_095808_full.jpg,iPad_Mini,7,Good,195949729195,Grade A,False
./extracted_data/clarity_dataset_v6\train\iPad_Mini_7_Good\195949729195_GradeA_down_20250820_095820_full.jpg,195949729195_GradeA_down_20250820_095820_full.jpg,iPad_Mini,7,Good,195949729195,Grade A,False
./extracted_data/clarity_dataset_v6\train\iPad_Mini_7_Good\195949729195_GradeA_up_20250820_095731_full.jpg,195949729195_GradeA_up_20250820_095731_full.jpg,iPad_Mini,7,Good,195949729195,Grade A,False
./extracted_data/clarity_dataset_v6\train\iPad_Mini_7_Good\195949729195_GradeA_up_20250820_095756_full.jpg,195949729195_GradeA_up_20250820_095756_full.jpg,iPad_Mini,7,Good,195949729195,Grade A,False
./extracted_data/clarity_dataset_v6\train\iPad_Mini_7_Good\195949729652_GradeA_down_20250820_100258_full.jpg,195949729652_GradeA_down_20250820_100258_full.jpg,iPad_Mini,7,Good,195949729652,Grade A,False
./extracted_data/clarity_dataset_v6\train\iPad_Mini_7_Good\195949729652_GradeA_down_20250820_100312_full.jpg,195949729652_GradeA_down_20250820_100312_full.jpg,iPad_Mini,7,Good,195949729652,Grade A,False
./extracted_data/clarity_dataset_v6\train\iPad_Mini_7_Good\195949729652_GradeA_up_20250820_100215_full.jpg,195949729652_GradeA_up_20250820_100215_full.jpg,iPad_Mini,7,Good,195949729652,Grade A,False
./extracted_data/clarity_dataset_v6\train\iPad_Mini_7_Good\195949729652_GradeA_up_20250820_100230_full.jpg,195949729652_GradeA_up_20250820_100230_full.jpg,iPad_Mini,7,Good,195949729652,Grade A,False
./extracted_data/clarity_dataset_v6\train\iPad_Mini_7_Good\195949729652_GradeA_up_20250820_100243_full.jpg,195949729652_GradeA_up_20250820_100243_full.jpg,iPad_Mini,7,Good,195949729652,Grade A,False
./extracted_data/clarity_dataset_v6\train\iPad_Mini_7_Good\195949729881_GradeA_down_20250820_100119_full.jpg,195949729881_GradeA_down_20250820_100119_full.jpg,iPad_Mini,7,Good,195949729881,Grade A,False
./extracted_data/clarity_dataset_v6\train\iPad_Mini_7_Good\195949729881_GradeA_down_20250820_100132_full.jpg,195949729881_GradeA_down_20250820_100132_full.jpg,iPad_Mini,7,Good,195949729881,Grade A,False
./extracted_data/clarity_dataset_v6\train\iPad_Mini_7_Good\195949729881_GradeA_down_20250820_100146_full.jpg,195949729881_GradeA_down_20250820_100146_full.jpg,iPad_Mini,7,Good,195949729881,Grade A,False
./extracted_data/clarity_dataset_v6\train\iPad_Mini_7_Good\195949729881_GradeA_up_20250820_100037_full.jpg,195949729881_GradeA_up_20250820_100037_full.jpg,iPad_Mini,7,Good,195949729881,Grade A,False
./extracted_data/clarity_dataset_v6\train\iPad_Mini_7_Good\195949729881_GradeA_up_20250820_100052_full.jpg,195949729881_GradeA_up_20250820_100052_full.jpg,iPad_Mini,7,Good,195949729881,Grade A,False
./extracted_data/clarity_dataset_v6\train\iPad_Mini_7_Good\195949729881_GradeA_up_20250820_100106_full.jpg,195949729881_GradeA_up_20250820_100106_full.jpg,iPad_Mini,7,Good,195949729881,Grade A,False
./extracted_data/clarity_dataset_v6\train\iPad_Mini_7_Good\195949730573_Mint_down_20250819_143145_full.jpg,195949730573_Mint_down_20250819_143145_full.jpg,iPad_Mini,7,Good,195949730573,Grade A,False
./extracted_data/clarity_dataset_v6\train\iPad_Mini_7_Good\195949730573_Mint_down_20250819_143156_full.jpg,195949730573_Mint_down_20250819_143156_full.jpg,iPad_Mini,7,Good,195949730573,Grade A,False
./extracted_data/clarity_dataset_v6\train\iPad_Mini_7_Good\195949730573_Mint_up_20250819_143110_full.jpg,195949730573_Mint_up_20250819_143110_full.jpg,iPad_Mini,7,Good,195949730573,Grade A,False
./extracted_data/clarity_dataset_v6\train\iPad_Mini_7_Good\195949730573_Mint_up_20250819_143123_full.jpg,195949730573_Mint_up_20250819_143123_full.jpg,iPad_Mini,7,Good,195949730573,Grade A,False
./extracted_data/clarity_dataset_v6\train\iPad_Mini_7_Good\195949751851_Mint_down_20250819_142905_full.jpg,195949751851_Mint_down_20250819_142905_full.jpg,iPad_Mini,7,Good,195949751851,Grade A,False
./extracted_data/clarity_dataset_v6\train\iPad_Mini_7_Good\195949751851_Mint_down_20250819_142915_full.jpg,195949751851_Mint_down_20250819_142915_full.jpg,iPad_Mini,7,Good,195949751851,Grade A,False
./extracted_data/clarity_dataset_v6\train\iPad_Mini_7_Good\195949751851_Mint_down_20250819_142925_full.jpg,195949751851_Mint_down_20250819_142925_full.jpg,iPad_Mini,7,Good,195949751851,Grade A,False
./extracted_data/clarity_dataset_v6\train\iPad_Mini_7_Good\195949751851_Mint_up_20250819_142835_full.jpg,195949751851_Mint_up_20250819_142835_full.jpg,iPad_Mini,7,Good,195949751851,Grade A,False
./extracted_data/clarity_dataset_v6\train\iPad_Mini_7_Good\195949751851_Mint_up_20250819_142855_full.jpg,195949751851_Mint_up_20250819_142855_full.jpg,iPad_Mini,7,Good,195949751851,Grade A,False
./extracted_data/clarity_dataset_v6\train\iPad_Pro_4_11-inch_Counterfeit\194253264606_Counterfeit_down_20250821_095946_full.jpg,194253264606_Counterfeit_down_20250821_095946_full.jpg,iPad_Pro_4,11-inch,Counterfeit,194253264606,Counterfeit,True
./extracted_data/clarity_dataset_v6\train\iPad_Pro_4_11-inch_Counterfeit\194253265146_Counterfeit_down_20250821_095904_full.jpg,194253265146_Counterfeit_down_20250821_095904_full.jpg,iPad_Pro_4,11-inch,Counterfeit,194253265146,Counterfeit,True
./extracted_data/clarity_dataset_v6\train\iPad_Pro_4_11-inch_Counterfeit\194253265146_Counterfeit_up_20250821_095854_full.jpg,194253265146_Counterfeit_up_20250821_095854_full.jpg,iPad_Pro_4,11-inch,Counterfeit,194253265146,Counterfeit,True
./extracted_data/clarity_dataset_v6\train\iPad_Pro_4_12.9-inch_Counterfeit\190199653511_Counterfeit_down_20250821_100030_full.jpg,190199653511_Counterfeit_down_20250821_100030_full.jpg,iPad_Pro_4,12.9-inch,Counterfeit,190199653511,Counterfeit,True
./extracted_data/clarity_dataset_v6\train\iPad_Pro_4_12.9-inch_Counterfeit\190199653511_Counterfeit_up_20250821_100019_full.jpg,190199653511_Counterfeit_up_20250821_100019_full.jpg,iPad_Pro_4,12.9-inch,Counterfeit,190199653511,Counterfeit,True
./extracted_data/clarity_dataset_v6\train\iPad_Pro_4_12.9-inch_Good\190199653511_GradeA_down_20250821_081806_full.jpg,190199653511_GradeA_down_20250821_081806_full.jpg,iPad_Pro_4,12.9-inch,Good,190199653511,Grade A,False
./extracted_data/clarity_dataset_v6\train\iPad_Pro_4_12.9-inch_Good\190199653511_GradeA_down_20250821_081831_full.jpg,190199653511_GradeA_down_20250821_081831_full.jpg,iPad_Pro_4,12.9-inch,Good,190199653511,Grade A,False
./extracted_data/clarity_dataset_v6\train\iPad_Pro_4_12.9-inch_Good\190199653511_GradeA_up_20250821_081726_full.jpg,190199653511_GradeA_up_20250821_081726_full.jpg,iPad_Pro_4,12.9-inch,Good,190199653511,Grade A,False
./extracted_data/clarity_dataset_v6\train\iPad_Pro_4_12.9-inch_Good\190199653511_GradeA_up_20250821_081738_full.jpg,190199653511_GradeA_up_20250821_081738_full.jpg,iPad_Pro_4,12.9-inch,Good,190199653511,Grade A,False
./extracted_data/clarity_dataset_v6\train\iPad_Pro_4_12.9-inch_Good\190199653511_GradeA_up_20250821_081751_full.jpg,190199653511_GradeA_up_20250821_081751_full.jpg,iPad_Pro_4,12.9-inch,Good,190199653511,Grade A,False
./extracted_data/clarity_dataset_v6\train\iPad_Pro_6_12.9-inch_Good\194253240815_GradeA_down_20250820_092336_full.jpg,194253240815_GradeA_down_20250820_092336_full.jpg,iPad_Pro_6,12.9-inch,Good,194253240815,Grade A,False
./extracted_data/clarity_dataset_v6\train\iPad_Pro_6_12.9-inch_Good\194253240815_GradeA_up_20250820_092255_full.jpg,194253240815_GradeA_up_20250820_092255_full.jpg,iPad_Pro_6,12.9-inch,Good,194253240815,Grade A,False
./extracted_data/clarity_dataset_v6\train\iPad_Pro_6_12.9-inch_Good\194253240815_GradeA_up_20250820_092308_full.jpg,194253240815_GradeA_up_20250820_092308_full.jpg,iPad_Pro_6,12.9-inch,Good,194253240815,Grade A,False
./extracted_data/clarity_dataset_v6\train\iPad_Pro_6_12.9-inch_Good\194253240815_GradeA_up_20250820_092323_full.jpg,194253240815_GradeA_up_20250820_092323_full.jpg,iPad_Pro_6,12.9-inch,Good,194253240815,Grade A,False
./extracted_data/clarity_dataset_v6\train\iPad_Pro_6_12.9-inch_Good\194253241393_GradeA_down_20250820_115206_full.jpg,194253241393_GradeA_down_20250820_115206_full.jpg,iPad_Pro_6,12.9-inch,Good,194253241393,Grade A,False
./extracted_data/clarity_dataset_v6\train\iPad_Pro_6_12.9-inch_Good\194253241393_GradeA_down_20250820_115222_full.jpg,194253241393_GradeA_down_20250820_115222_full.jpg,iPad_Pro_6,12.9-inch,Good,194253241393,Grade A,False
./extracted_data/clarity_dataset_v6\train\iPad_Pro_6_12.9-inch_Good\194253241393_GradeA_down_20250820_115238_full.jpg,194253241393_GradeA_down_20250820_115238_full.jpg,iPad_Pro_6,12.9-inch,Good,194253241393,Grade A,False
./extracted_data/clarity_dataset_v6\train\iPad_Pro_6_12.9-inch_Good\194253241393_GradeA_up_20250820_115152_full.jpg,194253241393_GradeA_up_20250820_115152_full.jpg,iPad_Pro_6,12.9-inch,Good,194253241393,Grade A,False
./extracted_data/clarity_dataset_v6\train\iPad_Pro_6_12.9-inch_Good\194253241393_Mint_down_20250819_142516_full.jpg,194253241393_Mint_down_20250819_142516_full.jpg,iPad_Pro_6,12.9-inch,Good,194253241393,Grade A,False
./extracted_data/clarity_dataset_v6\train\iPad_Pro_6_12.9-inch_Good\194253241393_Mint_down_20250819_142526_full.jpg,194253241393_Mint_down_20250819_142526_full.jpg,iPad_Pro_6,12.9-inch,Good,194253241393,Grade A,False
./extracted_data/clarity_dataset_v6\train\iPad_Pro_6_12.9-inch_Good\194253241393_Mint_down_20250819_142536_full.jpg,194253241393_Mint_down_20250819_142536_full.jpg,iPad_Pro_6,12.9-inch,Good,194253241393,Grade A,False
./extracted_data/clarity_dataset_v6\train\iPad_Pro_6_12.9-inch_Good\194253241393_Mint_up_20250819_142455_full.jpg,194253241393_Mint_up_20250819_142455_full.jpg,iPad_Pro_6,12.9-inch,Good,194253241393,Grade A,False
./extracted_data/clarity_dataset_v6\train\iPad_Pro_6_12.9-inch_Good\194253241393_Mint_up_20250819_142506_full.jpg,194253241393_Mint_up_20250819_142506_full.jpg,iPad_Pro_6,12.9-inch,Good,194253241393,Grade A,False
./extracted_data/clarity_dataset_v6\train\iPad_Pro_6_12.9-inch_Good\194253241669_GradeA_down_20250820_092523_full.jpg,194253241669_GradeA_down_20250820_092523_full.jpg,iPad_Pro_6,12.9-inch,Good,194253241669,Grade A,False
./extracted_data/clarity_dataset_v6\train\iPad_Pro_6_12.9-inch_Good\194253241669_GradeA_down_20250820_092536_full.jpg,194253241669_GradeA_down_20250820_092536_full.jpg,iPad_Pro_6,12.9-inch,Good,194253241669,Grade A,False
./extracted_data/clarity_dataset_v6\train\iPad_Pro_6_12.9-inch_Good\194253241669_GradeA_up_20250820_092443_full.jpg,194253241669_GradeA_up_20250820_092443_full.jpg,iPad_Pro_6,12.9-inch,Good,194253241669,Grade A,False
./extracted_data/clarity_dataset_v6\train\iPad_Pro_6_12.9-inch_Good\194253241669_GradeA_up_20250820_092456_full.jpg,194253241669_GradeA_up_20250820_092456_full.jpg,iPad_Pro_6,12.9-inch,Good,194253241669,Grade A,False
./extracted_data/clarity_dataset_v6\train\iPad_Pro_6_12.9-inch_Good\194253241669_GradeA_up_20250820_092510_full.jpg,194253241669_GradeA_up_20250820_092510_full.jpg,iPad_Pro_6,12.9-inch,Good,194253241669,Grade A,False
./extracted_data/clarity_dataset_v6\train\iPad_Pro_6_12.9-inch_Good\194253242475_GradeA_down_20250820_114146_full.jpg,194253242475_GradeA_down_20250820_114146_full.jpg,iPad_Pro_6,12.9-inch,Good,194253242475,Grade A,False
./extracted_data/clarity_dataset_v6\train\iPad_Pro_6_12.9-inch_Good\194253242475_GradeA_down_20250820_114201_full.jpg,194253242475_GradeA_down_20250820_114201_full.jpg,iPad_Pro_6,12.9-inch,Good,194253242475,Grade A,False
./extracted_data/clarity_dataset_v6\train\iPad_Pro_6_12.9-inch_Good\194253242475_GradeA_down_20250820_114215_full.jpg,194253242475_GradeA_down_20250820_114215_full.jpg,iPad_Pro_6,12.9-inch,Good,194253242475,Grade A,False
./extracted_data/clarity_dataset_v6\train\iPad_Pro_6_12.9-inch_Good\194253242475_GradeA_up_20250820_114056_full.jpg,194253242475_GradeA_up_20250820_114056_full.jpg,iPad_Pro_6,12.9-inch,Good,194253242475,Grade A,False
./extracted_data/clarity_dataset_v6\train\iPad_Pro_6_12.9-inch_Good\194253242475_GradeA_up_20250820_114113_full.jpg,194253242475_GradeA_up_20250820_114113_full.jpg,iPad_Pro_6,12.9-inch,Good,194253242475,Grade A,False
./extracted_data/clarity_dataset_v6\train\iPad_Pro_6_12.9-inch_Good\194253242475_GradeA_up_20250820_114127_full.jpg,194253242475_GradeA_up_20250820_114127_full.jpg,iPad_Pro_6,12.9-inch,Good,194253242475,Grade A,False
./extracted_data/clarity_dataset_v6\train\iPad_Pro_7_13-inch_Good\195949238635_GradeA_down_20250820_114849_full.jpg,195949238635_GradeA_down_20250820_114849_full.jpg,iPad_Pro_7,13-inch,Good,195949238635,Grade A,False
./extracted_data/clarity_dataset_v6\train\iPad_Pro_7_13-inch_Good\195949238635_GradeA_down_20250820_114904_full.jpg,195949238635_GradeA_down_20250820_114904_full.jpg,iPad_Pro_7,13-inch,Good,195949238635,Grade A,False
./extracted_data/clarity_dataset_v6\train\iPad_Pro_7_13-inch_Good\195949238635_GradeA_up_20250820_114801_full.jpg,195949238635_GradeA_up_20250820_114801_full.jpg,iPad_Pro_7,13-inch,Good,195949238635,Grade A,False
./extracted_data/clarity_dataset_v6\train\iPad_Pro_7_13-inch_Good\195949238635_GradeA_up_20250820_114816_full.jpg,195949238635_GradeA_up_20250820_114816_full.jpg,iPad_Pro_7,13-inch,Good,195949238635,Grade A,False
./extracted_data/clarity_dataset_v6\train\iPad_Pro_7_13-inch_Good\195949238635_GradeA_up_20250820_114834_full.jpg,195949238635_GradeA_up_20250820_114834_full.jpg,iPad_Pro_7,13-inch,Good,195949238635,Grade A,False
./extracted_data/clarity_dataset_v6\train\iPad_Pro_7_13-inch_Good\195949238901_GradeA_down_20250820_115023_full.jpg,195949238901_GradeA_down_20250820_115023_full.jpg,iPad_Pro_7,13-inch,Good,195949238901,Grade A,False
./extracted_data/clarity_dataset_v6\train\iPad_Pro_7_13-inch_Good\195949238901_GradeA_up_20250820_114939_full.jpg,195949238901_GradeA_up_20250820_114939_full.jpg,iPad_Pro_7,13-inch,Good,195949238901,Grade A,False
./extracted_data/clarity_dataset_v6\train\iPad_Pro_7_13-inch_Good\195949238901_GradeA_up_20250820_115009_full.jpg,195949238901_GradeA_up_20250820_115009_full.jpg,iPad_Pro_7,13-inch,Good,195949238901,Grade A,False
./extracted_data/clarity_dataset_v6\train\iPad_Pro_7_13-inch_Good\195949239717_GradeA_down_20250820_114635_full.jpg,195949239717_GradeA_down_20250820_114635_full.jpg,iPad_Pro_7,13-inch,Good,195949239717,Grade A,False
./extracted_data/clarity_dataset_v6\train\iPad_Pro_7_13-inch_Good\195949239717_GradeA_down_20250820_114703_full.jpg,195949239717_GradeA_down_20250820_114703_full.jpg,iPad_Pro_7,13-inch,Good,195949239717,Grade A,False
./extracted_data/clarity_dataset_v6\train\iPad_Pro_7_13-inch_Good\195949239717_GradeA_up_20250820_114553_full.jpg,195949239717_GradeA_up_20250820_114553_full.jpg,iPad_Pro_7,13-inch,Good,195949239717,Grade A,False
./extracted_data/clarity_dataset_v6\train\iPad_Pro_7_13-inch_Good\195949239717_GradeA_up_20250820_114607_full.jpg,195949239717_GradeA_up_20250820_114607_full.jpg,iPad_Pro_7,13-inch,Good,195949239717,Grade A,False
./extracted_data/clarity_dataset_v6\train\iPad_Pro_7_13-inch_Good\195949239717_GradeA_up_20250820_114621_full.jpg,195949239717_GradeA_up_20250820_114621_full.jpg,iPad_Pro_7,13-inch,Good,195949239717,Grade A,False
./extracted_data/clarity_dataset_v6\train\iPad_Pro_7_13-inch_Good\195949239717_Mint_down_20250819_144738_full.jpg,195949239717_Mint_down_20250819_144738_full.jpg,iPad_Pro_7,13-inch,Good,195949239717,Grade A,False
./extracted_data/clarity_dataset_v6\train\iPad_Pro_7_13-inch_Good\195949239717_Mint_down_20250819_144748_full.jpg,195949239717_Mint_down_20250819_144748_full.jpg,iPad_Pro_7,13-inch,Good,195949239717,Grade A,False
./extracted_data/clarity_dataset_v6\train\iPad_Pro_7_13-inch_Good\195949239717_Mint_down_20250819_144759_full.jpg,195949239717_Mint_down_20250819_144759_full.jpg,iPad_Pro_7,13-inch,Good,195949239717,Grade A,False
./extracted_data/clarity_dataset_v6\train\iPad_Pro_7_13-inch_Good\195949239717_Mint_up_20250819_144717_full.jpg,195949239717_Mint_up_20250819_144717_full.jpg,iPad_Pro_7,13-inch,Good,195949239717,Grade A,False
./extracted_data/clarity_dataset_v6\train\iPad_Pro_7_13-inch_Good\195949239717_Mint_up_20250819_144727_full.jpg,195949239717_Mint_up_20250819_144727_full.jpg,iPad_Pro_7,13-inch,Good,195949239717,Grade A,False
./extracted_data/clarity_dataset_v6\train\iPad_Pro_7_13-inch_Good\195949240522_GradeA_down_20250820_115402_full.jpg,195949240522_GradeA_down_20250820_115402_full.jpg,iPad_Pro_7,13-inch,Good,195949240522,Grade A,False
./extracted_data/clarity_dataset_v6\train\iPad_Pro_7_13-inch_Good\195949240522_GradeA_down_20250820_115418_full.jpg,195949240522_GradeA_down_20250820_115418_full.jpg,iPad_Pro_7,13-inch,Good,195949240522,Grade A,False
./extracted_data/clarity_dataset_v6\train\iPad_Pro_7_13-inch_Good\195949240522_GradeA_up_20250820_115318_full.jpg,195949240522_GradeA_up_20250820_115318_full.jpg,iPad_Pro_7,13-inch,Good,195949240522,Grade A,False
./extracted_data/clarity_dataset_v6\train\iPad_Pro_7_13-inch_Good\195949240522_GradeA_up_20250820_115333_full.jpg,195949240522_GradeA_up_20250820_115333_full.jpg,iPad_Pro_7,13-inch,Good,195949240522,Grade A,False
./extracted_data/clarity_dataset_v6\train\iPad_Pro_7_13-inch_Good\195949467790_GradeA_down_20250820_114323_full.jpg,195949467790_GradeA_down_20250820_114323_full.jpg,iPad_Pro_7,13-inch,Good,195949467790,Grade A,False
./extracted_data/clarity_dataset_v6\train\iPad_Pro_7_13-inch_Good\195949467790_GradeA_down_20250820_114349_full.jpg,195949467790_GradeA_down_20250820_114349_full.jpg,iPad_Pro_7,13-inch,Good,195949467790,Grade A,False
./extracted_data/clarity_dataset_v6\train\iPad_Pro_7_13-inch_Good\195949467790_GradeA_up_20250820_114242_full.jpg,195949467790_GradeA_up_20250820_114242_full.jpg,iPad_Pro_7,13-inch,Good,195949467790,Grade A,False
./extracted_data/clarity_dataset_v6\train\iPad_Pro_7_13-inch_Good\195949467790_GradeA_up_20250820_114255_full.jpg,195949467790_GradeA_up_20250820_114255_full.jpg,iPad_Pro_7,13-inch,Good,195949467790,Grade A,False
./extracted_data/clarity_dataset_v6\train\iPad_Pro_7_13-inch_Good\195949467790_GradeA_up_20250820_114309_full.jpg,195949467790_GradeA_up_20250820_114309_full.jpg,iPad_Pro_7,13-inch,Good,195949467790,Grade A,False
./extracted_data/clarity_dataset_v6\train\iPad_Pro_7_13-inch_Good\195949467790_Mint_down_20250819_144611_full.jpg,195949467790_Mint_down_20250819_144611_full.jpg,iPad_Pro_7,13-inch,Good,195949467790,Grade A,False
./extracted_data/clarity_dataset_v6\train\iPad_Pro_7_13-inch_Good\195949467790_Mint_down_20250819_144621_full.jpg,195949467790_Mint_down_20250819_144621_full.jpg,iPad_Pro_7,13-inch,Good,195949467790,Grade A,False
./extracted_data/clarity_dataset_v6\train\iPad_Pro_7_13-inch_Good\195949467790_Mint_up_20250819_144529_full.jpg,195949467790_Mint_up_20250819_144529_full.jpg,iPad_Pro_7,13-inch,Good,195949467790,Grade A,False
./extracted_data/clarity_dataset_v6\train\iPad_Pro_7_13-inch_Good\195949467790_Mint_up_20250819_144541_full.jpg,195949467790_Mint_up_20250819_144541_full.jpg,iPad_Pro_7,13-inch,Good,195949467790,Grade A,False
./extracted_data/clarity_dataset_v6\train\iPad_Pro_7_13-inch_Good\195949467790_Mint_up_20250819_144550_full.jpg,195949467790_Mint_up_20250819_144550_full.jpg,iPad_Pro_7,13-inch,Good,195949467790,Grade A,False
./extracted_data/clarity_dataset_v6\train\iPad_Pro_7_13-inch_Good\195949468025_GradeA_down_20250820_114013_full.jpg,195949468025_GradeA_down_20250820_114013_full.jpg,iPad_Pro_7,13-inch,Good,195949468025,Grade A,False
./extracted_data/clarity_dataset_v6\train\iPad_Pro_7_13-inch_Good\195949468025_GradeA_down_20250820_114026_full.jpg,195949468025_GradeA_down_20250820_114026_full.jpg,iPad_Pro_7,13-inch,Good,195949468025,Grade A,False
./extracted_data/clarity_dataset_v6\train\iPad_Pro_7_13-inch_Good\195949468025_GradeA_up_20250820_113917_full.jpg,195949468025_GradeA_up_20250820_113917_full.jpg,iPad_Pro_7,13-inch,Good,195949468025,Grade A,False
./extracted_data/clarity_dataset_v6\train\iPad_Pro_7_13-inch_Good\195949468025_GradeA_up_20250820_113930_full.jpg,195949468025_GradeA_up_20250820_113930_full.jpg,iPad_Pro_7,13-inch,Good,195949468025,Grade A,False
./extracted_data/clarity_dataset_v6\train\iPad_Pro_7_13-inch_Good\195949468025_GradeA_up_20250820_113944_full.jpg,195949468025_GradeA_up_20250820_113944_full.jpg,iPad_Pro_7,13-inch,Good,195949468025,Grade A,False
./extracted_data/clarity_dataset_v6\train\iPad_Pro_7_13-inch_Good\195949468025_Mint_down_20250819_150233_full.jpg,195949468025_Mint_down_20250819_150233_full.jpg,iPad_Pro_7,13-inch,Good,195949468025,Grade A,False
./extracted_data/clarity_dataset_v6\train\iPad_Pro_7_13-inch_Good\195949468025_Mint_down_20250819_150244_full.jpg,195949468025_Mint_down_20250819_150244_full.jpg,iPad_Pro_7,13-inch,Good,195949468025,Grade A,False
./extracted_data/clarity_dataset_v6\train\iPad_Pro_7_13-inch_Good\195949468025_Mint_down_20250819_150253_full.jpg,195949468025_Mint_down_20250819_150253_full.jpg,iPad_Pro_7,13-inch,Good,195949468025,Grade A,False
./extracted_data/clarity_dataset_v6\train\iPad_Pro_7_13-inch_Good\195949468025_Mint_up_20250819_150203_full.jpg,195949468025_Mint_up_20250819_150203_full.jpg,iPad_Pro_7,13-inch,Good,195949468025,Grade A,False
./extracted_data/clarity_dataset_v6\train\iPad_Pro_7_13-inch_Good\195949468025_Mint_up_20250819_150213_full.jpg,195949468025_Mint_up_20250819_150213_full.jpg,iPad_Pro_7,13-inch,Good,195949468025,Grade A,False
./extracted_data/clarity_dataset_v6\train\iPad_Pro_7_13-inch_Good\195949468025_Mint_up_20250819_150223_full.jpg,195949468025_Mint_up_20250819_150223_full.jpg,iPad_Pro_7,13-inch,Good,195949468025,Grade A,False
./extracted_data/clarity_dataset_v6\train\iPad_Pro_7_13-inch_Good\195949468254_GradeA_down_20250820_092046_full.jpg,195949468254_GradeA_down_20250820_092046_full.jpg,iPad_Pro_7,13-inch,Good,195949468254,Grade A,False
./extracted_data/clarity_dataset_v6\train\iPad_Pro_7_13-inch_Good\195949468254_GradeA_down_20250820_092100_full.jpg,195949468254_GradeA_down_20250820_092100_full.jpg,iPad_Pro_7,13-inch,Good,195949468254,Grade A,False
./extracted_data/clarity_dataset_v6\train\iPad_Pro_7_13-inch_Good\195949468254_GradeA_down_20250821_081628_full.jpg,195949468254_GradeA_down_20250821_081628_full.jpg,iPad_Pro_7,13-inch,Good,195949468254,Grade A,False
./extracted_data/clarity_dataset_v6\train\iPad_Pro_7_13-inch_Good\195949468254_GradeA_down_20250821_081638_full.jpg,195949468254_GradeA_down_20250821_081638_full.jpg,iPad_Pro_7,13-inch,Good,195949468254,Grade A,False
./extracted_data/clarity_dataset_v6\train\iPad_Pro_7_13-inch_Good\195949468254_GradeA_down_20250821_081648_full.jpg,195949468254_GradeA_down_20250821_081648_full.jpg,iPad_Pro_7,13-inch,Good,195949468254,Grade A,False
./extracted_data/clarity_dataset_v6\train\iPad_Pro_7_13-inch_Good\195949468254_GradeA_up_20250820_091955_full.jpg,195949468254_GradeA_up_20250820_091955_full.jpg,iPad_Pro_7,13-inch,Good,195949468254,Grade A,False
./extracted_data/clarity_dataset_v6\train\iPad_Pro_7_13-inch_Good\195949468254_GradeA_up_20250820_092020_full.jpg,195949468254_GradeA_up_20250820_092020_full.jpg,iPad_Pro_7,13-inch,Good,195949468254,Grade A,False
./extracted_data/clarity_dataset_v6\train\iPad_Pro_7_13-inch_Good\195949468254_GradeA_up_20250821_081556_full.jpg,195949468254_GradeA_up_20250821_081556_full.jpg,iPad_Pro_7,13-inch,Good,195949468254,Grade A,False
./extracted_data/clarity_dataset_v6\train\iPad_Pro_7_13-inch_Good\195949468254_GradeA_up_20250821_081607_full.jpg,195949468254_GradeA_up_20250821_081607_full.jpg,iPad_Pro_7,13-inch,Good,195949468254,Grade A,False
./extracted_data/clarity_dataset_v6\train\iPad_Pro_7_13-inch_Good\195949468254_GradeA_up_20250821_081618_full.jpg,195949468254_GradeA_up_20250821_081618_full.jpg,iPad_Pro_7,13-inch,Good,195949468254,Grade A,False
./extracted_data/clarity_dataset_v6\train\iPhone_12_Good\194252028698_GradeA_down_20250819_113706_full.jpg,194252028698_GradeA_down_20250819_113706_full.jpg,iPhone,12,Good,194252028698,Grade A,False
./extracted_data/clarity_dataset_v6\train\iPhone_12_Good\194252028698_GradeA_down_20250819_113717_full.jpg,194252028698_GradeA_down_20250819_113717_full.jpg,iPhone,12,Good,194252028698,Grade A,False
./extracted_data/clarity_dataset_v6\train\iPhone_12_Good\194252028698_GradeA_down_20250819_113727_full.jpg,194252028698_GradeA_down_20250819_113727_full.jpg,iPhone,12,Good,194252028698,Grade A,False
./extracted_data/clarity_dataset_v6\train\iPhone_12_Good\194252028698_GradeA_up_20250819_113636_full.jpg,194252028698_GradeA_up_20250819_113636_full.jpg,iPhone,12,Good,194252028698,Grade A,False
./extracted_data/clarity_dataset_v6\train\iPhone_12_Good\194252028698_GradeA_up_20250819_113647_full.jpg,194252028698_GradeA_up_20250819_113647_full.jpg,iPhone,12,Good,194252028698,Grade A,False
./extracted_data/clarity_dataset_v6\train\iPhone_12_Good\194252869567_Mint_down_20250819_112018_full.jpg,194252869567_Mint_down_20250819_112018_full.jpg,iPhone,12,Good,194252869567,Grade A,False
./extracted_data/clarity_dataset_v6\train\iPhone_12_Good\194252869567_Mint_down_20250819_112027_full.jpg,194252869567_Mint_down_20250819_112027_full.jpg,iPhone,12,Good,194252869567,Grade A,False
./extracted_data/clarity_dataset_v6\train\iPhone_12_Good\194252869567_Mint_down_20250819_112038_full.jpg,194252869567_Mint_down_20250819_112038_full.jpg,iPhone,12,Good,194252869567,Grade A,False
./extracted_data/clarity_dataset_v6\train\iPhone_12_Good\194252869567_Mint_up_20250819_111949_full.jpg,194252869567_Mint_up_20250819_111949_full.jpg,iPhone,12,Good,194252869567,Grade A,False
./extracted_data/clarity_dataset_v6\train\iPhone_12_Good\194252869581_GradeA_down_20250819_113950_full.jpg,194252869581_GradeA_down_20250819_113950_full.jpg,iPhone,12,Good,194252869581,Grade A,False
./extracted_data/clarity_dataset_v6\train\iPhone_12_Good\194252869581_GradeA_down_20250819_114437_full.jpg,194252869581_GradeA_down_20250819_114437_full.jpg,iPhone,12,Good,194252869581,Grade A,False
./extracted_data/clarity_dataset_v6\train\iPhone_12_Good\194252869581_GradeA_down_20250819_114447_full.jpg,194252869581_GradeA_down_20250819_114447_full.jpg,iPhone,12,Good,194252869581,Grade A,False
./extracted_data/clarity_dataset_v6\train\iPhone_12_Good\194252869581_GradeA_down_20250819_114457_full.jpg,194252869581_GradeA_down_20250819_114457_full.jpg,iPhone,12,Good,194252869581,Grade A,False
./extracted_data/clarity_dataset_v6\train\iPhone_12_Good\194252869581_GradeA_up_20250819_113908_full.jpg,194252869581_GradeA_up_20250819_113908_full.jpg,iPhone,12,Good,194252869581,Grade A,False
./extracted_data/clarity_dataset_v6\train\iPhone_12_Good\194252869581_GradeA_up_20250819_113918_full.jpg,194252869581_GradeA_up_20250819_113918_full.jpg,iPhone,12,Good,194252869581,Grade A,False
./extracted_data/clarity_dataset_v6\train\iPhone_12_Good\194252869581_GradeA_up_20250819_113929_full.jpg,194252869581_GradeA_up_20250819_113929_full.jpg,iPhone,12,Good,194252869581,Grade A,False
./extracted_data/clarity_dataset_v6\train\iPhone_12_Good\194252869581_GradeA_up_20250819_114405_full.jpg,194252869581_GradeA_up_20250819_114405_full.jpg,iPhone,12,Good,194252869581,Grade A,False
./extracted_data/clarity_dataset_v6\train\iPhone_12_Good\194252869581_GradeA_up_20250819_114415_full.jpg,194252869581_GradeA_up_20250819_114415_full.jpg,iPhone,12,Good,194252869581,Grade A,False
./extracted_data/clarity_dataset_v6\train\iPhone_12_Good\194252869581_GradeA_up_20250819_114427_full.jpg,194252869581_GradeA_up_20250819_114427_full.jpg,iPhone,12,Good,194252869581,Grade A,False
./extracted_data/clarity_dataset_v6\train\iPhone_12_Good\194252869598_GradeA_down_20250819_113237_full.jpg,194252869598_GradeA_down_20250819_113237_full.jpg,iPhone,12,Good,194252869598,Grade A,False
./extracted_data/clarity_dataset_v6\train\iPhone_12_Good\194252869598_GradeA_down_20250819_113248_full.jpg,194252869598_GradeA_down_20250819_113248_full.jpg,iPhone,12,Good,194252869598,Grade A,False
./extracted_data/clarity_dataset_v6\train\iPhone_12_Good\194252869598_GradeA_down_20250819_113257_full.jpg,194252869598_GradeA_down_20250819_113257_full.jpg,iPhone,12,Good,194252869598,Grade A,False
./extracted_data/clarity_dataset_v6\train\iPhone_12_Good\194252869598_GradeA_up_20250819_113207_full.jpg,194252869598_GradeA_up_20250819_113207_full.jpg,iPhone,12,Good,194252869598,Grade A,False
./extracted_data/clarity_dataset_v6\train\iPhone_12_Good\194252869598_GradeA_up_20250819_113227_full.jpg,194252869598_GradeA_up_20250819_113227_full.jpg,iPhone,12,Good,194252869598,Grade A,False
./extracted_data/clarity_dataset_v6\train\iPhone_12_Good\194252869598_Mint_down_20250819_110557_full.jpg,194252869598_Mint_down_20250819_110557_full.jpg,iPhone,12,Good,194252869598,Grade A,False
./extracted_data/clarity_dataset_v6\train\iPhone_12_Good\194252869598_Mint_down_20250819_110607_full.jpg,194252869598_Mint_down_20250819_110607_full.jpg,iPhone,12,Good,194252869598,Grade A,False
./extracted_data/clarity_dataset_v6\train\iPhone_12_Good\194252869598_Mint_up_20250819_105827_full.jpg,194252869598_Mint_up_20250819_105827_full.jpg,iPhone,12,Good,194252869598,Grade A,False
./extracted_data/clarity_dataset_v6\train\iPhone_12_Good\194252869598_Mint_up_20250819_110426_full.jpg,194252869598_Mint_up_20250819_110426_full.jpg,iPhone,12,Good,194252869598,Grade A,False
./extracted_data/clarity_dataset_v6\train\iPhone_12_Good\194252869598_Mint_up_20250819_110506_full.jpg,194252869598_Mint_up_20250819_110506_full.jpg,iPhone,12,Good,194252869598,Grade A,False
./extracted_data/clarity_dataset_v6\train\iPhone_13_Good\194252702918_GradeA_down_20250819_114735_full.jpg,194252702918_GradeA_down_20250819_114735_full.jpg,iPhone,13,Good,194252702918,Grade A,False
./extracted_data/clarity_dataset_v6\train\iPhone_13_Good\194252702918_GradeA_down_20250819_114745_full.jpg,194252702918_GradeA_down_20250819_114745_full.jpg,iPhone,13,Good,194252702918,Grade A,False
./extracted_data/clarity_dataset_v6\train\iPhone_13_Good\194252702918_GradeA_up_20250819_114654_full.jpg,194252702918_GradeA_up_20250819_114654_full.jpg,iPhone,13,Good,194252702918,Grade A,False
./extracted_data/clarity_dataset_v6\train\iPhone_13_Good\194252702918_GradeA_up_20250819_114704_full.jpg,194252702918_GradeA_up_20250819_114704_full.jpg,iPhone,13,Good,194252702918,Grade A,False
./extracted_data/clarity_dataset_v6\train\iPhone_13_Good\194252702918_Mint_down_20250819_110916_full.jpg,194252702918_Mint_down_20250819_110916_full.jpg,iPhone,13,Good,194252702918,Grade A,False
./extracted_data/clarity_dataset_v6\train\iPhone_13_Good\194252702918_Mint_down_20250819_110927_full.jpg,194252702918_Mint_down_20250819_110927_full.jpg,iPhone,13,Good,194252702918,Grade A,False
./extracted_data/clarity_dataset_v6\train\iPhone_13_Good\194252702918_Mint_down_20250819_110937_full.jpg,194252702918_Mint_down_20250819_110937_full.jpg,iPhone,13,Good,194252702918,Grade A,False
./extracted_data/clarity_dataset_v6\train\iPhone_13_Good\194252702918_Mint_up_20250819_110844_full.jpg,194252702918_Mint_up_20250819_110844_full.jpg,iPhone,13,Good,194252702918,Grade A,False
./extracted_data/clarity_dataset_v6\train\iPhone_13_Good\194252702918_Mint_up_20250819_110855_full.jpg,194252702918_Mint_up_20250819_110855_full.jpg,iPhone,13,Good,194252702918,Grade A,False
./extracted_data/clarity_dataset_v6\train\iPhone_13_Good\194252702918_Mint_up_20250819_110905_full.jpg,194252702918_Mint_up_20250819_110905_full.jpg,iPhone,13,Good,194252702918,Grade A,False
./extracted_data/clarity_dataset_v6\train\iPhone_13_Good\194252705391_Mint_down_20250819_110748_full.jpg,194252705391_Mint_down_20250819_110748_full.jpg,iPhone,13,Good,194252705391,Grade A,False
./extracted_data/clarity_dataset_v6\train\iPhone_13_Good\194252705391_Mint_down_20250819_110808_full.jpg,194252705391_Mint_down_20250819_110808_full.jpg,iPhone,13,Good,194252705391,Grade A,False
./extracted_data/clarity_dataset_v6\train\iPhone_13_Good\194252705391_Mint_down_20250819_111916_full.jpg,194252705391_Mint_down_20250819_111916_full.jpg,iPhone,13,Good,194252705391,Grade A,False
./extracted_data/clarity_dataset_v6\train\iPhone_13_Good\194252705391_Mint_up_20250819_110715_full.jpg,194252705391_Mint_up_20250819_110715_full.jpg,iPhone,13,Good,194252705391,Grade A,False
./extracted_data/clarity_dataset_v6\train\iPhone_13_Good\194252705391_Mint_up_20250819_110725_full.jpg,194252705391_Mint_up_20250819_110725_full.jpg,iPhone,13,Good,194252705391,Grade A,False
./extracted_data/clarity_dataset_v6\train\iPhone_13_Good\194252705391_Mint_up_20250819_110736_full.jpg,194252705391_Mint_up_20250819_110736_full.jpg,iPhone,13,Good,194252705391,Grade A,False
./extracted_data/clarity_dataset_v6\train\iPhone_13_Good\194252705391_Mint_up_20250819_111828_full.jpg,194252705391_Mint_up_20250819_111828_full.jpg,iPhone,13,Good,194252705391,Grade A,False
./extracted_data/clarity_dataset_v6\train\iPhone_13_Good\194252705391_Mint_up_20250819_111837_full.jpg,194252705391_Mint_up_20250819_111837_full.jpg,iPhone,13,Good,194252705391,Grade A,False
./extracted_data/clarity_dataset_v6\train\iPhone_13_Good\194252705391_Mint_up_20250819_111847_full.jpg,194252705391_Mint_up_20250819_111847_full.jpg,iPhone,13,Good,194252705391,Grade A,False
./extracted_data/clarity_dataset_v6\train\iPhone_13_Pro_Max_Good\194252694633_Mint_down_20250819_111326_full.jpg,194252694633_Mint_down_20250819_111326_full.jpg,iPhone_13_Pro,Max,Good,194252694633,Grade A,False
./extracted_data/clarity_dataset_v6\train\iPhone_13_Pro_Max_Good\194252694633_Mint_down_20250819_111336_full.jpg,194252694633_Mint_down_20250819_111336_full.jpg,iPhone_13_Pro,Max,Good,194252694633,Grade A,False
./extracted_data/clarity_dataset_v6\train\iPhone_13_Pro_Max_Good\194252694633_Mint_down_20250819_111345_full.jpg,194252694633_Mint_down_20250819_111345_full.jpg,iPhone_13_Pro,Max,Good,194252694633,Grade A,False
./extracted_data/clarity_dataset_v6\train\iPhone_13_Pro_Max_Good\194252694633_Mint_up_20250819_111306_full.jpg,194252694633_Mint_up_20250819_111306_full.jpg,iPhone_13_Pro,Max,Good,194252694633,Grade A,False
./extracted_data/clarity_dataset_v6\train\iPhone_13_Pro_Max_Good\194252694633_Mint_up_20250819_111316_full.jpg,194252694633_Mint_up_20250819_111316_full.jpg,iPhone_13_Pro,Max,Good,194252694633,Grade A,False
./extracted_data/clarity_dataset_v6\train\iPhone_14_Good\194253407980_GradeA_down_20250819_113551_full.jpg,194253407980_GradeA_down_20250819_113551_full.jpg,iPhone,14,Good,194253407980,Grade A,False
./extracted_data/clarity_dataset_v6\train\iPhone_14_Good\194253407980_GradeA_down_20250819_113601_full.jpg,194253407980_GradeA_down_20250819_113601_full.jpg,iPhone,14,Good,194253407980,Grade A,False
./extracted_data/clarity_dataset_v6\train\iPhone_14_Good\194253407980_GradeA_down_20250819_113611_full.jpg,194253407980_GradeA_down_20250819_113611_full.jpg,iPhone,14,Good,194253407980,Grade A,False
./extracted_data/clarity_dataset_v6\train\iPhone_14_Good\194253407980_GradeA_down_20250819_113820_full.jpg,194253407980_GradeA_down_20250819_113820_full.jpg,iPhone,14,Good,194253407980,Grade A,False
./extracted_data/clarity_dataset_v6\train\iPhone_14_Good\194253407980_GradeA_down_20250819_113830_full.jpg,194253407980_GradeA_down_20250819_113830_full.jpg,iPhone,14,Good,194253407980,Grade A,False
./extracted_data/clarity_dataset_v6\train\iPhone_14_Good\194253407980_GradeA_down_20250819_113841_full.jpg,194253407980_GradeA_down_20250819_113841_full.jpg,iPhone,14,Good,194253407980,Grade A,False
./extracted_data/clarity_dataset_v6\train\iPhone_14_Good\194253407980_GradeA_down_20250819_114058_full.jpg,194253407980_GradeA_down_20250819_114058_full.jpg,iPhone,14,Good,194253407980,Grade A,False
./extracted_data/clarity_dataset_v6\train\iPhone_14_Good\194253407980_GradeA_down_20250819_114119_full.jpg,194253407980_GradeA_down_20250819_114119_full.jpg,iPhone,14,Good,194253407980,Grade A,False
./extracted_data/clarity_dataset_v6\train\iPhone_14_Good\194253407980_GradeA_up_20250819_113520_full.jpg,194253407980_GradeA_up_20250819_113520_full.jpg,iPhone,14,Good,194253407980,Grade A,False
./extracted_data/clarity_dataset_v6\train\iPhone_14_Good\194253407980_GradeA_up_20250819_113750_full.jpg,194253407980_GradeA_up_20250819_113750_full.jpg,iPhone,14,Good,194253407980,Grade A,False
./extracted_data/clarity_dataset_v6\train\iPhone_14_Good\194253407980_GradeA_up_20250819_113800_full.jpg,194253407980_GradeA_up_20250819_113800_full.jpg,iPhone,14,Good,194253407980,Grade A,False
./extracted_data/clarity_dataset_v6\train\iPhone_14_Good\194253407980_GradeA_up_20250819_113810_full.jpg,194253407980_GradeA_up_20250819_113810_full.jpg,iPhone,14,Good,194253407980,Grade A,False
./extracted_data/clarity_dataset_v6\train\iPhone_14_Good\194253407980_GradeA_up_20250819_114037_full.jpg,194253407980_GradeA_up_20250819_114037_full.jpg,iPhone,14,Good,194253407980,Grade A,False
./extracted_data/clarity_dataset_v6\train\iPhone_14_Good\194253407980_GradeA_up_20250819_114047_full.jpg,194253407980_GradeA_up_20250819_114047_full.jpg,iPhone,14,Good,194253407980,Grade A,False
./extracted_data/clarity_dataset_v6\train\iPhone_14_Good\194253407980_Mint_down_20250819_111738_full.jpg,194253407980_Mint_down_20250819_111738_full.jpg,iPhone,14,Good,194253407980,Grade A,False
./extracted_data/clarity_dataset_v6\train\iPhone_14_Good\194253407980_Mint_down_20250819_111748_full.jpg,194253407980_Mint_down_20250819_111748_full.jpg,iPhone,14,Good,194253407980,Grade A,False
./extracted_data/clarity_dataset_v6\train\iPhone_14_Good\194253407980_Mint_up_20250819_111708_full.jpg,194253407980_Mint_up_20250819_111708_full.jpg,iPhone,14,Good,194253407980,Grade A,False
./extracted_data/clarity_dataset_v6\train\iPhone_14_Good\194253407980_Mint_up_20250819_111718_full.jpg,194253407980_Mint_up_20250819_111718_full.jpg,iPhone,14,Good,194253407980,Grade A,False
./extracted_data/clarity_dataset_v6\train\iPhone_14_Good\194253407980_Mint_up_20250819_111728_full.jpg,194253407980_Mint_up_20250819_111728_full.jpg,iPhone,14,Good,194253407980,Grade A,False
./extracted_data/clarity_dataset_v6\train\iPhone_14_Pro_Good\194253399469_Mint_down_20250819_105411_full.jpg,194253399469_Mint_down_20250819_105411_full.jpg,iPhone_14,Pro,Good,194253399469,Grade A,False
./extracted_data/clarity_dataset_v6\train\iPhone_14_Pro_Good\194253399469_Mint_down_20250819_105434_full.jpg,194253399469_Mint_down_20250819_105434_full.jpg,iPhone_14,Pro,Good,194253399469,Grade A,False
./extracted_data/clarity_dataset_v6\train\iPhone_14_Pro_Good\194253399469_Mint_up_20250819_105346_full.jpg,194253399469_Mint_up_20250819_105346_full.jpg,iPhone_14,Pro,Good,194253399469,Grade A,False
./extracted_data/clarity_dataset_v6\train\iPhone_14_Pro_Good\194253399469_Mint_up_20250819_105400_full.jpg,194253399469_Mint_up_20250819_105400_full.jpg,iPhone_14,Pro,Good,194253399469,Grade A,False
./extracted_data/clarity_dataset_v6\train\iPhone_14_Pro_Good\194253400905_GradeA_down_20250819_113132_full.jpg,194253400905_GradeA_down_20250819_113132_full.jpg,iPhone_14,Pro,Good,194253400905,Grade A,False
./extracted_data/clarity_dataset_v6\train\iPhone_14_Pro_Good\194253400905_GradeA_down_20250819_114554_full.jpg,194253400905_GradeA_down_20250819_114554_full.jpg,iPhone_14,Pro,Good,194253400905,Grade A,False
./extracted_data/clarity_dataset_v6\train\iPhone_14_Pro_Good\194253400905_GradeA_down_20250819_114603_full.jpg,194253400905_GradeA_down_20250819_114603_full.jpg,iPhone_14,Pro,Good,194253400905,Grade A,False
./extracted_data/clarity_dataset_v6\train\iPhone_14_Pro_Good\194253400905_GradeA_down_20250819_114613_full.jpg,194253400905_GradeA_down_20250819_114613_full.jpg,iPhone_14,Pro,Good,194253400905,Grade A,False
./extracted_data/clarity_dataset_v6\train\iPhone_14_Pro_Good\194253400905_GradeA_up_20250819_113042_full.jpg,194253400905_GradeA_up_20250819_113042_full.jpg,iPhone_14,Pro,Good,194253400905,Grade A,False
./extracted_data/clarity_dataset_v6\train\iPhone_14_Pro_Good\194253400905_GradeA_up_20250819_113052_full.jpg,194253400905_GradeA_up_20250819_113052_full.jpg,iPhone_14,Pro,Good,194253400905,Grade A,False
./extracted_data/clarity_dataset_v6\train\iPhone_14_Pro_Good\194253400905_GradeA_up_20250819_113102_full.jpg,194253400905_GradeA_up_20250819_113102_full.jpg,iPhone_14,Pro,Good,194253400905,Grade A,False
./extracted_data/clarity_dataset_v6\train\iPhone_14_Pro_Good\194253400905_GradeA_up_20250819_114522_full.jpg,194253400905_GradeA_up_20250819_114522_full.jpg,iPhone_14,Pro,Good,194253400905,Grade A,False
./extracted_data/clarity_dataset_v6\train\iPhone_14_Pro_Good\194253400905_GradeA_up_20250819_114543_full.jpg,194253400905_GradeA_up_20250819_114543_full.jpg,iPhone_14,Pro,Good,194253400905,Grade A,False
./extracted_data/clarity_dataset_v6\train\iPhone_14_Pro_Good\194253401896_Mint_down_20250819_112138_full.jpg,194253401896_Mint_down_20250819_112138_full.jpg,iPhone_14,Pro,Good,194253401896,Grade A,False
./extracted_data/clarity_dataset_v6\train\iPhone_14_Pro_Good\194253401896_Mint_down_20250819_112148_full.jpg,194253401896_Mint_down_20250819_112148_full.jpg,iPhone_14,Pro,Good,194253401896,Grade A,False
./extracted_data/clarity_dataset_v6\train\iPhone_14_Pro_Good\194253401896_Mint_down_20250819_112158_full.jpg,194253401896_Mint_down_20250819_112158_full.jpg,iPhone_14,Pro,Good,194253401896,Grade A,False
./extracted_data/clarity_dataset_v6\train\iPhone_14_Pro_Good\194253401896_Mint_up_20250819_112106_full.jpg,194253401896_Mint_up_20250819_112106_full.jpg,iPhone_14,Pro,Good,194253401896,Grade A,False
./extracted_data/clarity_dataset_v6\train\iPhone_14_Pro_Good\194253401896_Mint_up_20250819_112117_full.jpg,194253401896_Mint_up_20250819_112117_full.jpg,iPhone_14,Pro,Good,194253401896,Grade A,False
./extracted_data/clarity_dataset_v6\train\iPhone_14_Pro_Good\194253401896_Mint_up_20250819_112127_full.jpg,194253401896_Mint_up_20250819_112127_full.jpg,iPhone_14,Pro,Good,194253401896,Grade A,False
./extracted_data/clarity_dataset_v6\train\iPhone_14_Pro_Good\194253403210_GradeA_down_20250819_112839_full.jpg,194253403210_GradeA_down_20250819_112839_full.jpg,iPhone_14,Pro,Good,194253403210,Grade A,False
./extracted_data/clarity_dataset_v6\train\iPhone_14_Pro_Good\194253403210_GradeA_down_20250819_112849_full.jpg,194253403210_GradeA_down_20250819_112849_full.jpg,iPhone_14,Pro,Good,194253403210,Grade A,False
./extracted_data/clarity_dataset_v6\train\iPhone_14_Pro_Good\194253403210_GradeA_up_20250819_112809_full.jpg,194253403210_GradeA_up_20250819_112809_full.jpg,iPhone_14,Pro,Good,194253403210,Grade A,False
./extracted_data/clarity_dataset_v6\train\iPhone_14_Pro_Good\194253403210_GradeA_up_20250819_112819_full.jpg,194253403210_GradeA_up_20250819_112819_full.jpg,iPhone_14,Pro,Good,194253403210,Grade A,False
./extracted_data/clarity_dataset_v6\train\iPhone_14_Pro_Good\194253403210_GradeA_up_20250819_112829_full.jpg,194253403210_GradeA_up_20250819_112829_full.jpg,iPhone_14,Pro,Good,194253403210,Grade A,False
./extracted_data/clarity_dataset_v6\train\iPhone_15_Counterfeit\195949035005_Counterfeit_down_20250821_093728_full.jpg,195949035005_Counterfeit_down_20250821_093728_full.jpg,iPhone,15,Counterfeit,195949035005,Counterfeit,True
./extracted_data/clarity_dataset_v6\train\iPhone_15_Counterfeit\195949035005_Counterfeit_down_20250821_093809_full.jpg,195949035005_Counterfeit_down_20250821_093809_full.jpg,iPhone,15,Counterfeit,195949035005,Counterfeit,True
./extracted_data/clarity_dataset_v6\train\iPhone_15_Counterfeit\195949035005_Counterfeit_down_20250821_093842_full.jpg,195949035005_Counterfeit_down_20250821_093842_full.jpg,iPhone,15,Counterfeit,195949035005,Counterfeit,True
./extracted_data/clarity_dataset_v6\train\iPhone_15_Counterfeit\195949035005_Counterfeit_up_20250821_093715_full.jpg,195949035005_Counterfeit_up_20250821_093715_full.jpg,iPhone,15,Counterfeit,195949035005,Counterfeit,True
./extracted_data/clarity_dataset_v6\train\iPhone_15_Counterfeit\195949035005_Counterfeit_up_20250821_093832_full.jpg,195949035005_Counterfeit_up_20250821_093832_full.jpg,iPhone,15,Counterfeit,195949035005,Counterfeit,True
./extracted_data/clarity_dataset_v6\train\iPhone_15_Good\195949033889_Mint_down_20250819_111447_full.jpg,195949033889_Mint_down_20250819_111447_full.jpg,iPhone,15,Good,195949033889,Grade A,False
./extracted_data/clarity_dataset_v6\train\iPhone_15_Good\195949033889_Mint_down_20250819_111457_full.jpg,195949033889_Mint_down_20250819_111457_full.jpg,iPhone,15,Good,195949033889,Grade A,False
./extracted_data/clarity_dataset_v6\train\iPhone_15_Good\195949033889_Mint_down_20250819_111506_full.jpg,195949033889_Mint_down_20250819_111506_full.jpg,iPhone,15,Good,195949033889,Grade A,False
./extracted_data/clarity_dataset_v6\train\iPhone_15_Good\195949033889_Mint_up_20250819_111417_full.jpg,195949033889_Mint_up_20250819_111417_full.jpg,iPhone,15,Good,195949033889,Grade A,False
./extracted_data/clarity_dataset_v6\train\iPhone_15_Good\195949033889_Mint_up_20250819_111426_full.jpg,195949033889_Mint_up_20250819_111426_full.jpg,iPhone,15,Good,195949033889,Grade A,False
./extracted_data/clarity_dataset_v6\train\iPhone_15_Good\195949033889_Mint_up_20250819_111437_full.jpg,195949033889_Mint_up_20250819_111437_full.jpg,iPhone,15,Good,195949033889,Grade A,False
./extracted_data/clarity_dataset_v6\train\iPhone_15_Good\195949035005_GradeA_down_20250819_112642_full.jpg,195949035005_GradeA_down_20250819_112642_full.jpg,iPhone,15,Good,195949035005,Grade A,False
./extracted_data/clarity_dataset_v6\train\iPhone_15_Good\195949035005_GradeA_down_20250819_112652_full.jpg,195949035005_GradeA_down_20250819_112652_full.jpg,iPhone,15,Good,195949035005,Grade A,False
./extracted_data/clarity_dataset_v6\train\iPhone_15_Good\195949035005_GradeA_down_20250819_112703_full.jpg,195949035005_GradeA_down_20250819_112703_full.jpg,iPhone,15,Good,195949035005,Grade A,False
./extracted_data/clarity_dataset_v6\train\iPhone_15_Good\195949035005_GradeA_down_20250819_112955_full.jpg,195949035005_GradeA_down_20250819_112955_full.jpg,iPhone,15,Good,195949035005,Grade A,False
./extracted_data/clarity_dataset_v6\train\iPhone_15_Good\195949035005_GradeA_down_20250819_113015_full.jpg,195949035005_GradeA_down_20250819_113015_full.jpg,iPhone,15,Good,195949035005,Grade A,False
./extracted_data/clarity_dataset_v6\train\iPhone_15_Good\195949035005_GradeA_down_20250819_114844_full.jpg,195949035005_GradeA_down_20250819_114844_full.jpg,iPhone,15,Good,195949035005,Grade A,False
./extracted_data/clarity_dataset_v6\train\iPhone_15_Good\195949035005_GradeA_down_20250819_114854_full.jpg,195949035005_GradeA_down_20250819_114854_full.jpg,iPhone,15,Good,195949035005,Grade A,False
./extracted_data/clarity_dataset_v6\train\iPhone_15_Good\195949035005_GradeA_down_20250821_072625_full.jpg,195949035005_GradeA_down_20250821_072625_full.jpg,iPhone,15,Good,195949035005,Grade A,False
./extracted_data/clarity_dataset_v6\train\iPhone_15_Good\195949035005_GradeA_down_20250821_072635_full.jpg,195949035005_GradeA_down_20250821_072635_full.jpg,iPhone,15,Good,195949035005,Grade A,False
./extracted_data/clarity_dataset_v6\train\iPhone_15_Good\195949035005_GradeA_down_20250821_072645_full.jpg,195949035005_GradeA_down_20250821_072645_full.jpg,iPhone,15,Good,195949035005,Grade A,False
./extracted_data/clarity_dataset_v6\train\iPhone_15_Good\195949035005_GradeA_down_20250821_072752_full.jpg,195949035005_GradeA_down_20250821_072752_full.jpg,iPhone,15,Good,195949035005,Grade A,False
./extracted_data/clarity_dataset_v6\train\iPhone_15_Good\195949035005_GradeA_down_20250821_072802_full.jpg,195949035005_GradeA_down_20250821_072802_full.jpg,iPhone,15,Good,195949035005,Grade A,False
./extracted_data/clarity_dataset_v6\train\iPhone_15_Good\195949035005_GradeA_down_20250821_073218_full.jpg,195949035005_GradeA_down_20250821_073218_full.jpg,iPhone,15,Good,195949035005,Grade A,False
./extracted_data/clarity_dataset_v6\train\iPhone_15_Good\195949035005_GradeA_down_20250821_073228_full.jpg,195949035005_GradeA_down_20250821_073228_full.jpg,iPhone,15,Good,195949035005,Grade A,False
./extracted_data/clarity_dataset_v6\train\iPhone_15_Good\195949035005_GradeA_down_20250821_073238_full.jpg,195949035005_GradeA_down_20250821_073238_full.jpg,iPhone,15,Good,195949035005,Grade A,False
./extracted_data/clarity_dataset_v6\train\iPhone_15_Good\195949035005_GradeA_up_20250819_112451_full.jpg,195949035005_GradeA_up_20250819_112451_full.jpg,iPhone,15,Good,195949035005,Grade A,False
./extracted_data/clarity_dataset_v6\train\iPhone_15_Good\195949035005_GradeA_up_20250819_112557_full.jpg,195949035005_GradeA_up_20250819_112557_full.jpg,iPhone,15,Good,195949035005,Grade A,False
./extracted_data/clarity_dataset_v6\train\iPhone_15_Good\195949035005_GradeA_up_20250819_112935_full.jpg,195949035005_GradeA_up_20250819_112935_full.jpg,iPhone,15,Good,195949035005,Grade A,False
./extracted_data/clarity_dataset_v6\train\iPhone_15_Good\195949035005_GradeA_up_20250819_112945_full.jpg,195949035005_GradeA_up_20250819_112945_full.jpg,iPhone,15,Good,195949035005,Grade A,False
./extracted_data/clarity_dataset_v6\train\iPhone_15_Good\195949035005_GradeA_up_20250819_114824_full.jpg,195949035005_GradeA_up_20250819_114824_full.jpg,iPhone,15,Good,195949035005,Grade A,False
./extracted_data/clarity_dataset_v6\train\iPhone_15_Good\195949035005_GradeA_up_20250819_114834_full.jpg,195949035005_GradeA_up_20250819_114834_full.jpg,iPhone,15,Good,195949035005,Grade A,False
./extracted_data/clarity_dataset_v6\train\iPhone_15_Good\195949035005_GradeA_up_20250821_072553_full.jpg,195949035005_GradeA_up_20250821_072553_full.jpg,iPhone,15,Good,195949035005,Grade A,False
./extracted_data/clarity_dataset_v6\train\iPhone_15_Good\195949035005_GradeA_up_20250821_072604_full.jpg,195949035005_GradeA_up_20250821_072604_full.jpg,iPhone,15,Good,195949035005,Grade A,False
./extracted_data/clarity_dataset_v6\train\iPhone_15_Good\195949035005_GradeA_up_20250821_072614_full.jpg,195949035005_GradeA_up_20250821_072614_full.jpg,iPhone,15,Good,195949035005,Grade A,False
./extracted_data/clarity_dataset_v6\train\iPhone_15_Good\195949035005_GradeA_up_20250821_072722_full.jpg,195949035005_GradeA_up_20250821_072722_full.jpg,iPhone,15,Good,195949035005,Grade A,False
./extracted_data/clarity_dataset_v6\train\iPhone_15_Good\195949035005_GradeA_up_20250821_072732_full.jpg,195949035005_GradeA_up_20250821_072732_full.jpg,iPhone,15,Good,195949035005,Grade A,False
./extracted_data/clarity_dataset_v6\train\iPhone_15_Good\195949035005_GradeA_up_20250821_073141_full.jpg,195949035005_GradeA_up_20250821_073141_full.jpg,iPhone,15,Good,195949035005,Grade A,False
./extracted_data/clarity_dataset_v6\train\iPhone_15_Good\195949035005_GradeA_up_20250821_073151_full.jpg,195949035005_GradeA_up_20250821_073151_full.jpg,iPhone,15,Good,195949035005,Grade A,False
./extracted_data/clarity_dataset_v6\train\iPhone_15_Pro_Good\195949017612_Mint_down_20250819_111610_full.jpg,195949017612_Mint_down_20250819_111610_full.jpg,iPhone_15,Pro,Good,195949017612,Grade A,False
./extracted_data/clarity_dataset_v6\train\iPhone_15_Pro_Good\195949017612_Mint_down_20250819_111630_full.jpg,195949017612_Mint_down_20250819_111630_full.jpg,iPhone_15,Pro,Good,195949017612,Grade A,False
./extracted_data/clarity_dataset_v6\train\iPhone_15_Pro_Good\195949017612_Mint_up_20250819_111540_full.jpg,195949017612_Mint_up_20250819_111540_full.jpg,iPhone_15,Pro,Good,195949017612,Grade A,False
./extracted_data/clarity_dataset_v6\train\iPhone_15_Pro_Good\195949017612_Mint_up_20250819_111551_full.jpg,195949017612_Mint_up_20250819_111551_full.jpg,iPhone_15,Pro,Good,195949017612,Grade A,False
./extracted_data/clarity_dataset_v6\train\iPhone_15_Pro_Good\195949017612_Mint_up_20250819_111600_full.jpg,195949017612_Mint_up_20250819_111600_full.jpg,iPhone_15,Pro,Good,195949017612,Grade A,False
./extracted_data/clarity_dataset_v6\train\iPhone_16_Counterfeit\195949820908_Counterfeit_down_20250821_093527_full.jpg,195949820908_Counterfeit_down_20250821_093527_full.jpg,iPhone,16,Counterfeit,195949820908,Counterfeit,True
./extracted_data/clarity_dataset_v6\train\iPhone_16_Counterfeit\195949820908_Counterfeit_down_20250821_093614_full.jpg,195949820908_Counterfeit_down_20250821_093614_full.jpg,iPhone,16,Counterfeit,195949820908,Counterfeit,True
./extracted_data/clarity_dataset_v6\train\iPhone_16_Counterfeit\195949820908_Counterfeit_up_20250821_093604_full.jpg,195949820908_Counterfeit_up_20250821_093604_full.jpg,iPhone,16,Counterfeit,195949820908,Counterfeit,True
./extracted_data/clarity_dataset_v6\train\iPhone_16_Counterfeit\195949820939_Counterfeit_down_20250821_093434_full.jpg,195949820939_Counterfeit_down_20250821_093434_full.jpg,iPhone,16,Counterfeit,195949820939,Counterfeit,True
./extracted_data/clarity_dataset_v6\train\iPhone_16_Counterfeit\195949820939_Counterfeit_up_20250821_093424_full.jpg,195949820939_Counterfeit_up_20250821_093424_full.jpg,iPhone,16,Counterfeit,195949820939,Counterfeit,True
./extracted_data/clarity_dataset_v6\train\iPhone_16_Good\195949820908_GradeA_down_20250821_072340_full.jpg,195949820908_GradeA_down_20250821_072340_full.jpg,iPhone,16,Good,195949820908,Grade A,False
./extracted_data/clarity_dataset_v6\train\iPhone_16_Good\195949820908_GradeA_down_20250821_072359_full.jpg,195949820908_GradeA_down_20250821_072359_full.jpg,iPhone,16,Good,195949820908,Grade A,False
./extracted_data/clarity_dataset_v6\train\iPhone_16_Good\195949820908_GradeA_down_20250821_072457_full.jpg,195949820908_GradeA_down_20250821_072457_full.jpg,iPhone,16,Good,195949820908,Grade A,False
./extracted_data/clarity_dataset_v6\train\iPhone_16_Good\195949820908_GradeA_down_20250821_072516_full.jpg,195949820908_GradeA_down_20250821_072516_full.jpg,iPhone,16,Good,195949820908,Grade A,False
./extracted_data/clarity_dataset_v6\train\iPhone_16_Good\195949820908_GradeA_up_20250821_072311_full.jpg,195949820908_GradeA_up_20250821_072311_full.jpg,iPhone,16,Good,195949820908,Grade A,False
./extracted_data/clarity_dataset_v6\train\iPhone_16_Good\195949820908_GradeA_up_20250821_072330_full.jpg,195949820908_GradeA_up_20250821_072330_full.jpg,iPhone,16,Good,195949820908,Grade A,False
./extracted_data/clarity_dataset_v6\train\iPhone_16_Good\195949820908_GradeA_up_20250821_072428_full.jpg,195949820908_GradeA_up_20250821_072428_full.jpg,iPhone,16,Good,195949820908,Grade A,False
./extracted_data/clarity_dataset_v6\train\iPhone_16_Good\195949820908_GradeA_up_20250821_072438_full.jpg,195949820908_GradeA_up_20250821_072438_full.jpg,iPhone,16,Good,195949820908,Grade A,False
./extracted_data/clarity_dataset_v6\train\iPhone_16_Good\195949820908_GradeA_up_20250821_072447_full.jpg,195949820908_GradeA_up_20250821_072447_full.jpg,iPhone,16,Good,195949820908,Grade A,False
./extracted_data/clarity_dataset_v6\train\iPhone_16_Good\195949820908_Mint_down_20250819_111034_full.jpg,195949820908_Mint_down_20250819_111034_full.jpg,iPhone,16,Good,195949820908,Grade A,False
./extracted_data/clarity_dataset_v6\train\iPhone_16_Good\195949820908_Mint_down_20250819_111044_full.jpg,195949820908_Mint_down_20250819_111044_full.jpg,iPhone,16,Good,195949820908,Grade A,False
./extracted_data/clarity_dataset_v6\train\iPhone_16_Good\195949820908_Mint_down_20250819_111054_full.jpg,195949820908_Mint_down_20250819_111054_full.jpg,iPhone,16,Good,195949820908,Grade A,False
./extracted_data/clarity_dataset_v6\train\iPhone_16_Good\195949820908_Mint_up_20250819_111002_full.jpg,195949820908_Mint_up_20250819_111002_full.jpg,iPhone,16,Good,195949820908,Grade A,False
./extracted_data/clarity_dataset_v6\train\iPhone_16_Good\195949820908_Mint_up_20250819_111011_full.jpg,195949820908_Mint_up_20250819_111011_full.jpg,iPhone,16,Good,195949820908,Grade A,False
./extracted_data/clarity_dataset_v6\train\iPhone_16_Good\195949820908_Mint_up_20250819_111024_full.jpg,195949820908_Mint_up_20250819_111024_full.jpg,iPhone,16,Good,195949820908,Grade A,False
./extracted_data/clarity_dataset_v6\train\iPhone_16_Good\195949820939_GradeA_down_20250821_072211_full.jpg,195949820939_GradeA_down_20250821_072211_full.jpg,iPhone,16,Good,195949820939,Grade A,False
./extracted_data/clarity_dataset_v6\train\iPhone_16_Good\195949820939_GradeA_down_20250821_072231_full.jpg,195949820939_GradeA_down_20250821_072231_full.jpg,iPhone,16,Good,195949820939,Grade A,False
./extracted_data/clarity_dataset_v6\train\iPhone_16_Good\195949820939_GradeA_up_20250821_072142_full.jpg,195949820939_GradeA_up_20250821_072142_full.jpg,iPhone,16,Good,195949820939,Grade A,False
./extracted_data/clarity_dataset_v6\train\iPhone_16_Good\195949820939_GradeA_up_20250821_072152_full.jpg,195949820939_GradeA_up_20250821_072152_full.jpg,iPhone,16,Good,195949820939,Grade A,False
./extracted_data/clarity_dataset_v6\train\iPhone_16_Pro_Counterfeit\195949770234_Counterfeit_down_20250821_092740_full.jpg,195949770234_Counterfeit_down_20250821_092740_full.jpg,iPhone_16,Pro,Counterfeit,195949770234,Counterfeit,True
./extracted_data/clarity_dataset_v6\train\iPhone_16_Pro_Counterfeit\195949770234_Counterfeit_down_20250821_092940_full.jpg,195949770234_Counterfeit_down_20250821_092940_full.jpg,iPhone_16,Pro,Counterfeit,195949770234,Counterfeit,True
./extracted_data/clarity_dataset_v6\train\iPhone_16_Pro_Counterfeit\195949770234_Counterfeit_down_20250821_093052_full.jpg,195949770234_Counterfeit_down_20250821_093052_full.jpg,iPhone_16,Pro,Counterfeit,195949770234,Counterfeit,True
./extracted_data/clarity_dataset_v6\train\iPhone_16_Pro_Counterfeit\195949770234_Counterfeit_up_20250821_092930_full.jpg,195949770234_Counterfeit_up_20250821_092930_full.jpg,iPhone_16,Pro,Counterfeit,195949770234,Counterfeit,True
./extracted_data/clarity_dataset_v6\train\iPhone_16_Pro_Counterfeit\195949770234_Counterfeit_up_20250821_093043_full.jpg,195949770234_Counterfeit_up_20250821_093043_full.jpg,iPhone_16,Pro,Counterfeit,195949770234,Counterfeit,True
./extracted_data/clarity_dataset_v6\train\iPhone_16_Pro_Good\195949770234_GradeA_down_20250821_071059_full.jpg,195949770234_GradeA_down_20250821_071059_full.jpg,iPhone_16,Pro,Good,195949770234,Grade A,False
./extracted_data/clarity_dataset_v6\train\iPhone_16_Pro_Good\195949770234_GradeA_down_20250821_071119_full.jpg,195949770234_GradeA_down_20250821_071119_full.jpg,iPhone_16,Pro,Good,195949770234,Grade A,False
./extracted_data/clarity_dataset_v6\train\iPhone_16_Pro_Good\195949770234_GradeA_down_20250821_071240_full.jpg,195949770234_GradeA_down_20250821_071240_full.jpg,iPhone_16,Pro,Good,195949770234,Grade A,False
./extracted_data/clarity_dataset_v6\train\iPhone_16_Pro_Good\195949770234_GradeA_down_20250821_071300_full.jpg,195949770234_GradeA_down_20250821_071300_full.jpg,iPhone_16,Pro,Good,195949770234,Grade A,False
./extracted_data/clarity_dataset_v6\train\iPhone_16_Pro_Good\195949770234_GradeA_down_20250821_071359_full.jpg,195949770234_GradeA_down_20250821_071359_full.jpg,iPhone_16,Pro,Good,195949770234,Grade A,False
./extracted_data/clarity_dataset_v6\train\iPhone_16_Pro_Good\195949770234_GradeA_down_20250821_071408_full.jpg,195949770234_GradeA_down_20250821_071408_full.jpg,iPhone_16,Pro,Good,195949770234,Grade A,False
./extracted_data/clarity_dataset_v6\train\iPhone_16_Pro_Good\195949770234_GradeA_up_20250821_071028_full.jpg,195949770234_GradeA_up_20250821_071028_full.jpg,iPhone_16,Pro,Good,195949770234,Grade A,False
./extracted_data/clarity_dataset_v6\train\iPhone_16_Pro_Good\195949770234_GradeA_up_20250821_071038_full.jpg,195949770234_GradeA_up_20250821_071038_full.jpg,iPhone_16,Pro,Good,195949770234,Grade A,False
./extracted_data/clarity_dataset_v6\train\iPhone_16_Pro_Good\195949770234_GradeA_up_20250821_071048_full.jpg,195949770234_GradeA_up_20250821_071048_full.jpg,iPhone_16,Pro,Good,195949770234,Grade A,False
./extracted_data/clarity_dataset_v6\train\iPhone_16_Pro_Good\195949770234_GradeA_up_20250821_071210_full.jpg,195949770234_GradeA_up_20250821_071210_full.jpg,iPhone_16,Pro,Good,195949770234,Grade A,False
./extracted_data/clarity_dataset_v6\train\iPhone_16_Pro_Good\195949770234_GradeA_up_20250821_071220_full.jpg,195949770234_GradeA_up_20250821_071220_full.jpg,iPhone_16,Pro,Good,195949770234,Grade A,False
./extracted_data/clarity_dataset_v6\train\iPhone_16_Pro_Good\195949770234_GradeA_up_20250821_071329_full.jpg,195949770234_GradeA_up_20250821_071329_full.jpg,iPhone_16,Pro,Good,195949770234,Grade A,False
./extracted_data/clarity_dataset_v6\train\iPhone_16_Pro_Good\195949770234_GradeA_up_20250821_071339_full.jpg,195949770234_GradeA_up_20250821_071339_full.jpg,iPhone_16,Pro,Good,195949770234,Grade A,False
./extracted_data/clarity_dataset_v6\train\iPhone_16_Pro_Good\195949770234_GradeA_up_20250821_071349_full.jpg,195949770234_GradeA_up_20250821_071349_full.jpg,iPhone_16,Pro,Good,195949770234,Grade A,False
./extracted_data/clarity_dataset_v6\train\iPhone_16_Pro_Max_Counterfeit\195949805042_Counterfeit_down_20250821_093132_full.jpg,195949805042_Counterfeit_down_20250821_093132_full.jpg,iPhone_16_Pro,Max,Counterfeit,195949805042,Counterfeit,True
./extracted_data/clarity_dataset_v6\train\iPhone_16_Pro_Max_Counterfeit\195949805042_Counterfeit_up_20250821_093123_full.jpg,195949805042_Counterfeit_up_20250821_093123_full.jpg,iPhone_16_Pro,Max,Counterfeit,195949805042,Counterfeit,True
./extracted_data/clarity_dataset_v6\train\iPhone_16_Pro_Max_Counterfeit\195949805066_Counterfeit_down_20250821_093213_full.jpg,195949805066_Counterfeit_down_20250821_093213_full.jpg,iPhone_16_Pro,Max,Counterfeit,195949805066,Counterfeit,True
./extracted_data/clarity_dataset_v6\train\iPhone_16_Pro_Max_Counterfeit\195949805066_Counterfeit_up_20250821_093204_full.jpg,195949805066_Counterfeit_up_20250821_093204_full.jpg,iPhone_16_Pro,Max,Counterfeit,195949805066,Counterfeit,True
./extracted_data/clarity_dataset_v6\train\iPhone_16_Pro_Max_Counterfeit\195949805066_Counterfeit_up_20250821_093311_full.jpg,195949805066_Counterfeit_up_20250821_093311_full.jpg,iPhone_16_Pro,Max,Counterfeit,195949805066,Counterfeit,True
./extracted_data/clarity_dataset_v6\train\iPhone_16_Pro_Max_Good\195949805042_GradeA_down_20250821_071803_full.jpg,195949805042_GradeA_down_20250821_071803_full.jpg,iPhone_16_Pro,Max,Good,195949805042,Grade A,False
./extracted_data/clarity_dataset_v6\train\iPhone_16_Pro_Max_Good\195949805042_GradeA_down_20250821_071813_full.jpg,195949805042_GradeA_down_20250821_071813_full.jpg,iPhone_16_Pro,Max,Good,195949805042,Grade A,False
./extracted_data/clarity_dataset_v6\train\iPhone_16_Pro_Max_Good\195949805042_GradeA_down_20250821_071909_full.jpg,195949805042_GradeA_down_20250821_071909_full.jpg,iPhone_16_Pro,Max,Good,195949805042,Grade A,False
./extracted_data/clarity_dataset_v6\train\iPhone_16_Pro_Max_Good\195949805042_GradeA_down_20250821_071928_full.jpg,195949805042_GradeA_down_20250821_071928_full.jpg,iPhone_16_Pro,Max,Good,195949805042,Grade A,False
./extracted_data/clarity_dataset_v6\train\iPhone_16_Pro_Max_Good\195949805042_GradeA_down_20250821_072031_full.jpg,195949805042_GradeA_down_20250821_072031_full.jpg,iPhone_16_Pro,Max,Good,195949805042,Grade A,False
./extracted_data/clarity_dataset_v6\train\iPhone_16_Pro_Max_Good\195949805042_GradeA_down_20250821_072041_full.jpg,195949805042_GradeA_down_20250821_072041_full.jpg,iPhone_16_Pro,Max,Good,195949805042,Grade A,False
./extracted_data/clarity_dataset_v6\train\iPhone_16_Pro_Max_Good\195949805042_GradeA_down_20250821_072050_full.jpg,195949805042_GradeA_down_20250821_072050_full.jpg,iPhone_16_Pro,Max,Good,195949805042,Grade A,False
./extracted_data/clarity_dataset_v6\train\iPhone_16_Pro_Max_Good\195949805042_GradeA_up_20250821_071732_full.jpg,195949805042_GradeA_up_20250821_071732_full.jpg,iPhone_16_Pro,Max,Good,195949805042,Grade A,False
./extracted_data/clarity_dataset_v6\train\iPhone_16_Pro_Max_Good\195949805042_GradeA_up_20250821_071743_full.jpg,195949805042_GradeA_up_20250821_071743_full.jpg,iPhone_16_Pro,Max,Good,195949805042,Grade A,False
./extracted_data/clarity_dataset_v6\train\iPhone_16_Pro_Max_Good\195949805042_GradeA_up_20250821_071837_full.jpg,195949805042_GradeA_up_20250821_071837_full.jpg,iPhone_16_Pro,Max,Good,195949805042,Grade A,False
./extracted_data/clarity_dataset_v6\train\iPhone_16_Pro_Max_Good\195949805042_GradeA_up_20250821_071848_full.jpg,195949805042_GradeA_up_20250821_071848_full.jpg,iPhone_16_Pro,Max,Good,195949805042,Grade A,False
./extracted_data/clarity_dataset_v6\train\iPhone_16_Pro_Max_Good\195949805042_GradeA_up_20250821_071858_full.jpg,195949805042_GradeA_up_20250821_071858_full.jpg,iPhone_16_Pro,Max,Good,195949805042,Grade A,False
./extracted_data/clarity_dataset_v6\train\iPhone_16_Pro_Max_Good\195949805042_GradeA_up_20250821_071958_full.jpg,195949805042_GradeA_up_20250821_071958_full.jpg,iPhone_16_Pro,Max,Good,195949805042,Grade A,False
./extracted_data/clarity_dataset_v6\train\iPhone_16_Pro_Max_Good\195949805042_GradeA_up_20250821_072008_full.jpg,195949805042_GradeA_up_20250821_072008_full.jpg,iPhone_16_Pro,Max,Good,195949805042,Grade A,False
./extracted_data/clarity_dataset_v6\train\iPhone_16_Pro_Max_Good\195949805042_Mint_down_20250819_111213_full.jpg,195949805042_Mint_down_20250819_111213_full.jpg,iPhone_16_Pro,Max,Good,195949805042,Grade A,False
./extracted_data/clarity_dataset_v6\train\iPhone_16_Pro_Max_Good\195949805042_Mint_down_20250819_111232_full.jpg,195949805042_Mint_down_20250819_111232_full.jpg,iPhone_16_Pro,Max,Good,195949805042,Grade A,False
./extracted_data/clarity_dataset_v6\train\iPhone_16_Pro_Max_Good\195949805042_Mint_up_20250819_111142_full.jpg,195949805042_Mint_up_20250819_111142_full.jpg,iPhone_16_Pro,Max,Good,195949805042,Grade A,False
./extracted_data/clarity_dataset_v6\train\iPhone_16_Pro_Max_Good\195949805042_Mint_up_20250819_111152_full.jpg,195949805042_Mint_up_20250819_111152_full.jpg,iPhone_16_Pro,Max,Good,195949805042,Grade A,False
./extracted_data/clarity_dataset_v6\train\iPhone_16_Pro_Max_Good\195949805042_Mint_up_20250819_111202_full.jpg,195949805042_Mint_up_20250819_111202_full.jpg,iPhone_16_Pro,Max,Good,195949805042,Grade A,False
./extracted_data/clarity_dataset_v6\train\iPhone_16_Pro_Max_Good\195949805073_GradeA_down_20250819_113413_full.jpg,195949805073_GradeA_down_20250819_113413_full.jpg,iPhone_16_Pro,Max,Good,195949805073,Grade A,False
./extracted_data/clarity_dataset_v6\train\iPhone_16_Pro_Max_Good\195949805073_GradeA_down_20250819_113423_full.jpg,195949805073_GradeA_down_20250819_113423_full.jpg,iPhone_16_Pro,Max,Good,195949805073,Grade A,False
./extracted_data/clarity_dataset_v6\train\iPhone_16_Pro_Max_Good\195949805073_GradeA_up_20250819_113333_full.jpg,195949805073_GradeA_up_20250819_113333_full.jpg,iPhone_16_Pro,Max,Good,195949805073,Grade A,False
./extracted_data/clarity_dataset_v6\train\iPhone_16_Pro_Max_Good\195949805073_GradeA_up_20250819_113343_full.jpg,195949805073_GradeA_up_20250819_113343_full.jpg,iPhone_16_Pro,Max,Good,195949805073,Grade A,False
./extracted_data/clarity_dataset_v6\train\iPhone_16_Pro_Max_Good\195949805073_GradeA_up_20250819_113352_full.jpg,195949805073_GradeA_up_20250819_113352_full.jpg,iPhone_16_Pro,Max,Good,195949805073,Grade A,False
./extracted_data/clarity_dataset_v6\train\MacBook_M1_Air_13.3-inch_Counterfeit\194252048955_Counterfeit_down_20250821_105117_full.jpg,194252048955_Counterfeit_down_20250821_105117_full.jpg,MacBook_M1_Air,13.3-inch,Counterfeit,194252048955,Counterfeit,True
./extracted_data/clarity_dataset_v6\train\MacBook_M1_Air_13.3-inch_Counterfeit\194252049013_Counterfeit_down_20250821_105032_full.jpg,194252049013_Counterfeit_down_20250821_105032_full.jpg,MacBook_M1_Air,13.3-inch,Counterfeit,194252049013,Counterfeit,True
./extracted_data/clarity_dataset_v6\train\MacBook_M1_Air_13.3-inch_Counterfeit\194252049013_Counterfeit_down_20250821_105206_full.jpg,194252049013_Counterfeit_down_20250821_105206_full.jpg,MacBook_M1_Air,13.3-inch,Counterfeit,194252049013,Counterfeit,True
./extracted_data/clarity_dataset_v6\train\MacBook_M1_Air_13.3-inch_Counterfeit\194252049013_Counterfeit_up_20250821_105018_full.jpg,194252049013_Counterfeit_up_20250821_105018_full.jpg,MacBook_M1_Air,13.3-inch,Counterfeit,194252049013,Counterfeit,True
./extracted_data/clarity_dataset_v6\train\MacBook_M1_Air_13.3-inch_Counterfeit\194252049013_Counterfeit_up_20250821_105153_full.jpg,194252049013_Counterfeit_up_20250821_105153_full.jpg,MacBook_M1_Air,13.3-inch,Counterfeit,194252049013,Counterfeit,True
./extracted_data/clarity_dataset_v6\train\MacBook_M1_Air_13.3-inch_Good\194252048955_GradeA_down_20250820_094756_full.jpg,194252048955_GradeA_down_20250820_094756_full.jpg,MacBook_M1_Air,13.3-inch,Good,194252048955,Grade A,False
./extracted_data/clarity_dataset_v6\train\MacBook_M1_Air_13.3-inch_Good\194252048955_GradeA_down_20250820_094810_full.jpg,194252048955_GradeA_down_20250820_094810_full.jpg,MacBook_M1_Air,13.3-inch,Good,194252048955,Grade A,False
./extracted_data/clarity_dataset_v6\train\MacBook_M1_Air_13.3-inch_Good\194252048955_GradeA_down_20250820_094824_full.jpg,194252048955_GradeA_down_20250820_094824_full.jpg,MacBook_M1_Air,13.3-inch,Good,194252048955,Grade A,False
./extracted_data/clarity_dataset_v6\train\MacBook_M1_Air_13.3-inch_Good\194252048955_GradeA_down_20250820_095151_full.jpg,194252048955_GradeA_down_20250820_095151_full.jpg,MacBook_M1_Air,13.3-inch,Good,194252048955,Grade A,False
./extracted_data/clarity_dataset_v6\train\MacBook_M1_Air_13.3-inch_Good\194252048955_GradeA_down_20250820_095205_full.jpg,194252048955_GradeA_down_20250820_095205_full.jpg,MacBook_M1_Air,13.3-inch,Good,194252048955,Grade A,False
./extracted_data/clarity_dataset_v6\train\MacBook_M1_Air_13.3-inch_Good\194252048955_GradeA_down_20250820_100438_full.jpg,194252048955_GradeA_down_20250820_100438_full.jpg,MacBook_M1_Air,13.3-inch,Good,194252048955,Grade A,False
./extracted_data/clarity_dataset_v6\train\MacBook_M1_Air_13.3-inch_Good\194252048955_GradeA_down_20250820_100451_full.jpg,194252048955_GradeA_down_20250820_100451_full.jpg,MacBook_M1_Air,13.3-inch,Good,194252048955,Grade A,False
./extracted_data/clarity_dataset_v6\train\MacBook_M1_Air_13.3-inch_Good\194252048955_GradeA_down_20250820_100506_full.jpg,194252048955_GradeA_down_20250820_100506_full.jpg,MacBook_M1_Air,13.3-inch,Good,194252048955,Grade A,False
./extracted_data/clarity_dataset_v6\train\MacBook_M1_Air_13.3-inch_Good\194252048955_GradeA_down_20250820_120142_full.jpg,194252048955_GradeA_down_20250820_120142_full.jpg,MacBook_M1_Air,13.3-inch,Good,194252048955,Grade A,False
./extracted_data/clarity_dataset_v6\train\MacBook_M1_Air_13.3-inch_Good\194252048955_GradeA_down_20250820_120156_full.jpg,194252048955_GradeA_down_20250820_120156_full.jpg,MacBook_M1_Air,13.3-inch,Good,194252048955,Grade A,False
./extracted_data/clarity_dataset_v6\train\MacBook_M1_Air_13.3-inch_Good\194252048955_GradeA_down_20250820_120209_full.jpg,194252048955_GradeA_down_20250820_120209_full.jpg,MacBook_M1_Air,13.3-inch,Good,194252048955,Grade A,False
./extracted_data/clarity_dataset_v6\train\MacBook_M1_Air_13.3-inch_Good\194252048955_GradeA_down_20250820_120718_full.jpg,194252048955_GradeA_down_20250820_120718_full.jpg,MacBook_M1_Air,13.3-inch,Good,194252048955,Grade A,False
./extracted_data/clarity_dataset_v6\train\MacBook_M1_Air_13.3-inch_Good\194252048955_GradeA_down_20250820_120732_full.jpg,194252048955_GradeA_down_20250820_120732_full.jpg,MacBook_M1_Air,13.3-inch,Good,194252048955,Grade A,False
./extracted_data/clarity_dataset_v6\train\MacBook_M1_Air_13.3-inch_Good\194252048955_GradeA_down_20250820_121015_full.jpg,194252048955_GradeA_down_20250820_121015_full.jpg,MacBook_M1_Air,13.3-inch,Good,194252048955,Grade A,False
./extracted_data/clarity_dataset_v6\train\MacBook_M1_Air_13.3-inch_Good\194252048955_GradeA_down_20250820_121029_full.jpg,194252048955_GradeA_down_20250820_121029_full.jpg,MacBook_M1_Air,13.3-inch,Good,194252048955,Grade A,False
./extracted_data/clarity_dataset_v6\train\MacBook_M1_Air_13.3-inch_Good\194252048955_GradeA_down_20250820_121043_full.jpg,194252048955_GradeA_down_20250820_121043_full.jpg,MacBook_M1_Air,13.3-inch,Good,194252048955,Grade A,False
./extracted_data/clarity_dataset_v6\train\MacBook_M1_Air_13.3-inch_Good\194252048955_GradeA_down_20250820_121214_full.jpg,194252048955_GradeA_down_20250820_121214_full.jpg,MacBook_M1_Air,13.3-inch,Good,194252048955,Grade A,False
./extracted_data/clarity_dataset_v6\train\MacBook_M1_Air_13.3-inch_Good\194252048955_GradeA_down_20250820_121650_full.jpg,194252048955_GradeA_down_20250820_121650_full.jpg,MacBook_M1_Air,13.3-inch,Good,194252048955,Grade A,False
./extracted_data/clarity_dataset_v6\train\MacBook_M1_Air_13.3-inch_Good\194252048955_GradeA_down_20250820_121707_full.jpg,194252048955_GradeA_down_20250820_121707_full.jpg,MacBook_M1_Air,13.3-inch,Good,194252048955,Grade A,False
./extracted_data/clarity_dataset_v6\train\MacBook_M1_Air_13.3-inch_Good\194252048955_GradeA_down_20250820_121720_full.jpg,194252048955_GradeA_down_20250820_121720_full.jpg,MacBook_M1_Air,13.3-inch,Good,194252048955,Grade A,False
./extracted_data/clarity_dataset_v6\train\MacBook_M1_Air_13.3-inch_Good\194252048955_GradeA_down_20250821_083840_full.jpg,194252048955_GradeA_down_20250821_083840_full.jpg,MacBook_M1_Air,13.3-inch,Good,194252048955,Grade A,False
./extracted_data/clarity_dataset_v6\train\MacBook_M1_Air_13.3-inch_Good\194252048955_GradeA_down_20250821_083850_full.jpg,194252048955_GradeA_down_20250821_083850_full.jpg,MacBook_M1_Air,13.3-inch,Good,194252048955,Grade A,False
./extracted_data/clarity_dataset_v6\train\MacBook_M1_Air_13.3-inch_Good\194252048955_GradeA_down_20250821_083902_full.jpg,194252048955_GradeA_down_20250821_083902_full.jpg,MacBook_M1_Air,13.3-inch,Good,194252048955,Grade A,False
./extracted_data/clarity_dataset_v6\train\MacBook_M1_Air_13.3-inch_Good\194252048955_GradeA_up_20250820_094727_full.jpg,194252048955_GradeA_up_20250820_094727_full.jpg,MacBook_M1_Air,13.3-inch,Good,194252048955,Grade A,False
./extracted_data/clarity_dataset_v6\train\MacBook_M1_Air_13.3-inch_Good\194252048955_GradeA_up_20250820_094743_full.jpg,194252048955_GradeA_up_20250820_094743_full.jpg,MacBook_M1_Air,13.3-inch,Good,194252048955,Grade A,False
./extracted_data/clarity_dataset_v6\train\MacBook_M1_Air_13.3-inch_Good\194252048955_GradeA_up_20250820_095106_full.jpg,194252048955_GradeA_up_20250820_095106_full.jpg,MacBook_M1_Air,13.3-inch,Good,194252048955,Grade A,False
./extracted_data/clarity_dataset_v6\train\MacBook_M1_Air_13.3-inch_Good\194252048955_GradeA_up_20250820_095121_full.jpg,194252048955_GradeA_up_20250820_095121_full.jpg,MacBook_M1_Air,13.3-inch,Good,194252048955,Grade A,False
./extracted_data/clarity_dataset_v6\train\MacBook_M1_Air_13.3-inch_Good\194252048955_GradeA_up_20250820_095136_full.jpg,194252048955_GradeA_up_20250820_095136_full.jpg,MacBook_M1_Air,13.3-inch,Good,194252048955,Grade A,False
./extracted_data/clarity_dataset_v6\train\MacBook_M1_Air_13.3-inch_Good\194252048955_GradeA_up_20250820_100356_full.jpg,194252048955_GradeA_up_20250820_100356_full.jpg,MacBook_M1_Air,13.3-inch,Good,194252048955,Grade A,False
./extracted_data/clarity_dataset_v6\train\MacBook_M1_Air_13.3-inch_Good\194252048955_GradeA_up_20250820_100411_full.jpg,194252048955_GradeA_up_20250820_100411_full.jpg,MacBook_M1_Air,13.3-inch,Good,194252048955,Grade A,False
./extracted_data/clarity_dataset_v6\train\MacBook_M1_Air_13.3-inch_Good\194252048955_GradeA_up_20250820_120128_full.jpg,194252048955_GradeA_up_20250820_120128_full.jpg,MacBook_M1_Air,13.3-inch,Good,194252048955,Grade A,False
./extracted_data/clarity_dataset_v6\train\MacBook_M1_Air_13.3-inch_Good\194252048955_GradeA_up_20250820_120259_full.jpg,194252048955_GradeA_up_20250820_120259_full.jpg,MacBook_M1_Air,13.3-inch,Good,194252048955,Grade A,False
./extracted_data/clarity_dataset_v6\train\MacBook_M1_Air_13.3-inch_Good\194252048955_GradeA_up_20250820_120314_full.jpg,194252048955_GradeA_up_20250820_120314_full.jpg,MacBook_M1_Air,13.3-inch,Good,194252048955,Grade A,False
./extracted_data/clarity_dataset_v6\train\MacBook_M1_Air_13.3-inch_Good\194252048955_GradeA_up_20250820_120604_full.jpg,194252048955_GradeA_up_20250820_120604_full.jpg,MacBook_M1_Air,13.3-inch,Good,194252048955,Grade A,False
./extracted_data/clarity_dataset_v6\train\MacBook_M1_Air_13.3-inch_Good\194252048955_GradeA_up_20250820_120651_full.jpg,194252048955_GradeA_up_20250820_120651_full.jpg,MacBook_M1_Air,13.3-inch,Good,194252048955,Grade A,False
./extracted_data/clarity_dataset_v6\train\MacBook_M1_Air_13.3-inch_Good\194252048955_GradeA_up_20250820_121108_full.jpg,194252048955_GradeA_up_20250820_121108_full.jpg,MacBook_M1_Air,13.3-inch,Good,194252048955,Grade A,False
./extracted_data/clarity_dataset_v6\train\MacBook_M1_Air_13.3-inch_Good\194252048955_GradeA_up_20250820_121121_full.jpg,194252048955_GradeA_up_20250820_121121_full.jpg,MacBook_M1_Air,13.3-inch,Good,194252048955,Grade A,False
./extracted_data/clarity_dataset_v6\train\MacBook_M1_Air_13.3-inch_Good\194252048955_GradeA_up_20250820_121135_full.jpg,194252048955_GradeA_up_20250820_121135_full.jpg,MacBook_M1_Air,13.3-inch,Good,194252048955,Grade A,False
./extracted_data/clarity_dataset_v6\train\MacBook_M1_Air_13.3-inch_Good\194252048955_GradeA_up_20250820_121611_full.jpg,194252048955_GradeA_up_20250820_121611_full.jpg,MacBook_M1_Air,13.3-inch,Good,194252048955,Grade A,False
./extracted_data/clarity_dataset_v6\train\MacBook_M1_Air_13.3-inch_Good\194252048955_GradeA_up_20250820_121624_full.jpg,194252048955_GradeA_up_20250820_121624_full.jpg,MacBook_M1_Air,13.3-inch,Good,194252048955,Grade A,False
./extracted_data/clarity_dataset_v6\train\MacBook_M1_Air_13.3-inch_Good\194252048955_GradeA_up_20250821_083805_full.jpg,194252048955_GradeA_up_20250821_083805_full.jpg,MacBook_M1_Air,13.3-inch,Good,194252048955,Grade A,False
./extracted_data/clarity_dataset_v6\train\MacBook_M1_Air_13.3-inch_Good\194252048955_GradeA_up_20250821_083818_full.jpg,194252048955_GradeA_up_20250821_083818_full.jpg,MacBook_M1_Air,13.3-inch,Good,194252048955,Grade A,False
./extracted_data/clarity_dataset_v6\train\MacBook_M1_Air_13.3-inch_Good\194252048955_Mint_down_20250819_142009_full.jpg,194252048955_Mint_down_20250819_142009_full.jpg,MacBook_M1_Air,13.3-inch,Good,194252048955,Grade A,False
./extracted_data/clarity_dataset_v6\train\MacBook_M1_Air_13.3-inch_Good\194252048955_Mint_up_20250819_141909_full.jpg,194252048955_Mint_up_20250819_141909_full.jpg,MacBook_M1_Air,13.3-inch,Good,194252048955,Grade A,False
./extracted_data/clarity_dataset_v6\train\MacBook_M1_Air_13.3-inch_Good\194252048955_Mint_up_20250819_141924_full.jpg,194252048955_Mint_up_20250819_141924_full.jpg,MacBook_M1_Air,13.3-inch,Good,194252048955,Grade A,False
./extracted_data/clarity_dataset_v6\train\MacBook_M1_Air_13.3-inch_Good\194252048955_Mint_up_20250819_141935_full.jpg,194252048955_Mint_up_20250819_141935_full.jpg,MacBook_M1_Air,13.3-inch,Good,194252048955,Grade A,False
./extracted_data/clarity_dataset_v6\train\MacBook_M1_Air_13.3-inch_Good\194252048986_GradeA_down_20250820_121344_full.jpg,194252048986_GradeA_down_20250820_121344_full.jpg,MacBook_M1_Air,13.3-inch,Good,194252048986,Grade A,False
./extracted_data/clarity_dataset_v6\train\MacBook_M1_Air_13.3-inch_Good\194252048986_GradeA_down_20250820_121357_full.jpg,194252048986_GradeA_down_20250820_121357_full.jpg,MacBook_M1_Air,13.3-inch,Good,194252048986,Grade A,False
./extracted_data/clarity_dataset_v6\train\MacBook_M1_Air_13.3-inch_Good\194252048986_GradeA_down_20250820_121410_full.jpg,194252048986_GradeA_down_20250820_121410_full.jpg,MacBook_M1_Air,13.3-inch,Good,194252048986,Grade A,False
./extracted_data/clarity_dataset_v6\train\MacBook_M1_Air_13.3-inch_Good\194252048986_GradeA_down_20250821_084136_full.jpg,194252048986_GradeA_down_20250821_084136_full.jpg,MacBook_M1_Air,13.3-inch,Good,194252048986,Grade A,False
./extracted_data/clarity_dataset_v6\train\MacBook_M1_Air_13.3-inch_Good\194252048986_GradeA_down_20250821_084150_full.jpg,194252048986_GradeA_down_20250821_084150_full.jpg,MacBook_M1_Air,13.3-inch,Good,194252048986,Grade A,False
./extracted_data/clarity_dataset_v6\train\MacBook_M1_Air_13.3-inch_Good\194252048986_GradeA_down_20250821_084203_full.jpg,194252048986_GradeA_down_20250821_084203_full.jpg,MacBook_M1_Air,13.3-inch,Good,194252048986,Grade A,False
./extracted_data/clarity_dataset_v6\train\MacBook_M1_Air_13.3-inch_Good\194252048986_GradeA_up_20250820_121258_full.jpg,194252048986_GradeA_up_20250820_121258_full.jpg,MacBook_M1_Air,13.3-inch,Good,194252048986,Grade A,False
./extracted_data/clarity_dataset_v6\train\MacBook_M1_Air_13.3-inch_Good\194252048986_GradeA_up_20250820_121312_full.jpg,194252048986_GradeA_up_20250820_121312_full.jpg,MacBook_M1_Air,13.3-inch,Good,194252048986,Grade A,False
./extracted_data/clarity_dataset_v6\train\MacBook_M1_Air_13.3-inch_Good\194252048986_GradeA_up_20250820_121325_full.jpg,194252048986_GradeA_up_20250820_121325_full.jpg,MacBook_M1_Air,13.3-inch,Good,194252048986,Grade A,False
./extracted_data/clarity_dataset_v6\train\MacBook_M1_Air_13.3-inch_Good\194252048986_GradeA_up_20250821_084057_full.jpg,194252048986_GradeA_up_20250821_084057_full.jpg,MacBook_M1_Air,13.3-inch,Good,194252048986,Grade A,False
./extracted_data/clarity_dataset_v6\train\MacBook_M1_Air_13.3-inch_Good\194252048986_GradeA_up_20250821_084109_full.jpg,194252048986_GradeA_up_20250821_084109_full.jpg,MacBook_M1_Air,13.3-inch,Good,194252048986,Grade A,False
./extracted_data/clarity_dataset_v6\train\MacBook_M1_Air_13.3-inch_Good\194252048986_GradeA_up_20250821_084123_full.jpg,194252048986_GradeA_up_20250821_084123_full.jpg,MacBook_M1_Air,13.3-inch,Good,194252048986,Grade A,False
./extracted_data/clarity_dataset_v6\train\MacBook_M1_Air_13.3-inch_Good\194252048986_Mint_down_20250819_142105_full.jpg,194252048986_Mint_down_20250819_142105_full.jpg,MacBook_M1_Air,13.3-inch,Good,194252048986,Grade A,False
./extracted_data/clarity_dataset_v6\train\MacBook_M1_Air_13.3-inch_Good\194252048986_Mint_down_20250819_142117_full.jpg,194252048986_Mint_down_20250819_142117_full.jpg,MacBook_M1_Air,13.3-inch,Good,194252048986,Grade A,False
./extracted_data/clarity_dataset_v6\train\MacBook_M1_Air_13.3-inch_Good\194252048986_Mint_down_20250819_142127_full.jpg,194252048986_Mint_down_20250819_142127_full.jpg,MacBook_M1_Air,13.3-inch,Good,194252048986,Grade A,False
./extracted_data/clarity_dataset_v6\train\MacBook_M1_Air_13.3-inch_Good\194252048986_Mint_up_20250819_142035_full.jpg,194252048986_Mint_up_20250819_142035_full.jpg,MacBook_M1_Air,13.3-inch,Good,194252048986,Grade A,False
./extracted_data/clarity_dataset_v6\train\MacBook_M1_Air_13.3-inch_Good\194252048986_Mint_up_20250819_142045_full.jpg,194252048986_Mint_up_20250819_142045_full.jpg,MacBook_M1_Air,13.3-inch,Good,194252048986,Grade A,False
./extracted_data/clarity_dataset_v6\train\MacBook_M1_Air_13.3-inch_Good\194252048986_Mint_up_20250819_142055_full.jpg,194252048986_Mint_up_20250819_142055_full.jpg,MacBook_M1_Air,13.3-inch,Good,194252048986,Grade A,False
./extracted_data/clarity_dataset_v6\train\MacBook_M1_Air_13.3-inch_Good\194252049013_GradeA_down_20250820_115557_full.jpg,194252049013_GradeA_down_20250820_115557_full.jpg,MacBook_M1_Air,13.3-inch,Good,194252049013,Grade A,False
./extracted_data/clarity_dataset_v6\train\MacBook_M1_Air_13.3-inch_Good\194252049013_GradeA_down_20250820_115612_full.jpg,194252049013_GradeA_down_20250820_115612_full.jpg,MacBook_M1_Air,13.3-inch,Good,194252049013,Grade A,False
./extracted_data/clarity_dataset_v6\train\MacBook_M1_Air_13.3-inch_Good\194252049013_GradeA_down_20250820_115626_full.jpg,194252049013_GradeA_down_20250820_115626_full.jpg,MacBook_M1_Air,13.3-inch,Good,194252049013,Grade A,False
./extracted_data/clarity_dataset_v6\train\MacBook_M1_Air_13.3-inch_Good\194252049013_GradeA_down_20250820_115816_full.jpg,194252049013_GradeA_down_20250820_115816_full.jpg,MacBook_M1_Air,13.3-inch,Good,194252049013,Grade A,False
./extracted_data/clarity_dataset_v6\train\MacBook_M1_Air_13.3-inch_Good\194252049013_GradeA_down_20250820_115833_full.jpg,194252049013_GradeA_down_20250820_115833_full.jpg,MacBook_M1_Air,13.3-inch,Good,194252049013,Grade A,False
./extracted_data/clarity_dataset_v6\train\MacBook_M1_Air_13.3-inch_Good\194252049013_GradeA_down_20250820_115849_full.jpg,194252049013_GradeA_down_20250820_115849_full.jpg,MacBook_M1_Air,13.3-inch,Good,194252049013,Grade A,False
./extracted_data/clarity_dataset_v6\train\MacBook_M1_Air_13.3-inch_Good\194252049013_GradeA_down_20250820_120006_full.jpg,194252049013_GradeA_down_20250820_120006_full.jpg,MacBook_M1_Air,13.3-inch,Good,194252049013,Grade A,False
./extracted_data/clarity_dataset_v6\train\MacBook_M1_Air_13.3-inch_Good\194252049013_GradeA_down_20250820_120034_full.jpg,194252049013_GradeA_down_20250820_120034_full.jpg,MacBook_M1_Air,13.3-inch,Good,194252049013,Grade A,False
./extracted_data/clarity_dataset_v6\train\MacBook_M1_Air_13.3-inch_Good\194252049013_GradeA_down_20250820_121519_full.jpg,194252049013_GradeA_down_20250820_121519_full.jpg,MacBook_M1_Air,13.3-inch,Good,194252049013,Grade A,False
./extracted_data/clarity_dataset_v6\train\MacBook_M1_Air_13.3-inch_Good\194252049013_GradeA_down_20250820_121532_full.jpg,194252049013_GradeA_down_20250820_121532_full.jpg,MacBook_M1_Air,13.3-inch,Good,194252049013,Grade A,False
./extracted_data/clarity_dataset_v6\train\MacBook_M1_Air_13.3-inch_Good\194252049013_GradeA_down_20250820_121546_full.jpg,194252049013_GradeA_down_20250820_121546_full.jpg,MacBook_M1_Air,13.3-inch,Good,194252049013,Grade A,False
./extracted_data/clarity_dataset_v6\train\MacBook_M1_Air_13.3-inch_Good\194252049013_GradeA_down_20250821_084004_full.jpg,194252049013_GradeA_down_20250821_084004_full.jpg,MacBook_M1_Air,13.3-inch,Good,194252049013,Grade A,False
./extracted_data/clarity_dataset_v6\train\MacBook_M1_Air_13.3-inch_Good\194252049013_GradeA_down_20250821_084014_full.jpg,194252049013_GradeA_down_20250821_084014_full.jpg,MacBook_M1_Air,13.3-inch,Good,194252049013,Grade A,False
./extracted_data/clarity_dataset_v6\train\MacBook_M1_Air_13.3-inch_Good\194252049013_GradeA_down_20250821_084024_full.jpg,194252049013_GradeA_down_20250821_084024_full.jpg,MacBook_M1_Air,13.3-inch,Good,194252049013,Grade A,False
./extracted_data/clarity_dataset_v6\train\MacBook_M1_Air_13.3-inch_Good\194252049013_GradeA_up_20250820_115510_full.jpg,194252049013_GradeA_up_20250820_115510_full.jpg,MacBook_M1_Air,13.3-inch,Good,194252049013,Grade A,False
./extracted_data/clarity_dataset_v6\train\MacBook_M1_Air_13.3-inch_Good\194252049013_GradeA_up_20250820_115527_full.jpg,194252049013_GradeA_up_20250820_115527_full.jpg,MacBook_M1_Air,13.3-inch,Good,194252049013,Grade A,False
./extracted_data/clarity_dataset_v6\train\MacBook_M1_Air_13.3-inch_Good\194252049013_GradeA_up_20250820_115541_full.jpg,194252049013_GradeA_up_20250820_115541_full.jpg,MacBook_M1_Air,13.3-inch,Good,194252049013,Grade A,False
./extracted_data/clarity_dataset_v6\train\MacBook_M1_Air_13.3-inch_Good\194252049013_GradeA_up_20250820_115801_full.jpg,194252049013_GradeA_up_20250820_115801_full.jpg,MacBook_M1_Air,13.3-inch,Good,194252049013,Grade A,False
./extracted_data/clarity_dataset_v6\train\MacBook_M1_Air_13.3-inch_Good\194252049013_GradeA_up_20250820_115923_full.jpg,194252049013_GradeA_up_20250820_115923_full.jpg,MacBook_M1_Air,13.3-inch,Good,194252049013,Grade A,False
./extracted_data/clarity_dataset_v6\train\MacBook_M1_Air_13.3-inch_Good\194252049013_GradeA_up_20250820_115936_full.jpg,194252049013_GradeA_up_20250820_115936_full.jpg,MacBook_M1_Air,13.3-inch,Good,194252049013,Grade A,False
./extracted_data/clarity_dataset_v6\train\MacBook_M1_Air_13.3-inch_Good\194252049013_GradeA_up_20250820_115951_full.jpg,194252049013_GradeA_up_20250820_115951_full.jpg,MacBook_M1_Air,13.3-inch,Good,194252049013,Grade A,False
./extracted_data/clarity_dataset_v6\train\MacBook_M1_Air_13.3-inch_Good\194252049013_GradeA_up_20250820_121439_full.jpg,194252049013_GradeA_up_20250820_121439_full.jpg,MacBook_M1_Air,13.3-inch,Good,194252049013,Grade A,False
./extracted_data/clarity_dataset_v6\train\MacBook_M1_Air_13.3-inch_Good\194252049013_GradeA_up_20250820_121453_full.jpg,194252049013_GradeA_up_20250820_121453_full.jpg,MacBook_M1_Air,13.3-inch,Good,194252049013,Grade A,False
./extracted_data/clarity_dataset_v6\train\MacBook_M1_Air_13.3-inch_Good\194252049013_GradeA_up_20250821_083933_full.jpg,194252049013_GradeA_up_20250821_083933_full.jpg,MacBook_M1_Air,13.3-inch,Good,194252049013,Grade A,False
./extracted_data/clarity_dataset_v6\train\MacBook_M1_Air_13.3-inch_Good\194252049013_GradeA_up_20250821_083943_full.jpg,194252049013_GradeA_up_20250821_083943_full.jpg,MacBook_M1_Air,13.3-inch,Good,194252049013,Grade A,False
./extracted_data/clarity_dataset_v6\train\MacBook_M1_Air_13.3-inch_Good\194252049013_GradeA_up_20250821_083953_full.jpg,194252049013_GradeA_up_20250821_083953_full.jpg,MacBook_M1_Air,13.3-inch,Good,194252049013,Grade A,False
./extracted_data/clarity_dataset_v6\train\MacBook_M1_Air_13.3-inch_Good\194252049013_Mint_down_20250819_141823_full.jpg,194252049013_Mint_down_20250819_141823_full.jpg,MacBook_M1_Air,13.3-inch,Good,194252049013,Grade A,False
./extracted_data/clarity_dataset_v6\train\MacBook_M1_Air_13.3-inch_Good\194252049013_Mint_down_20250819_141833_full.jpg,194252049013_Mint_down_20250819_141833_full.jpg,MacBook_M1_Air,13.3-inch,Good,194252049013,Grade A,False
./extracted_data/clarity_dataset_v6\train\MacBook_M1_Air_13.3-inch_Good\194252049013_Mint_down_20250819_141844_full.jpg,194252049013_Mint_down_20250819_141844_full.jpg,MacBook_M1_Air,13.3-inch,Good,194252049013,Grade A,False
./extracted_data/clarity_dataset_v6\train\MacBook_M1_Air_13.3-inch_Good\194252049013_Mint_up_20250819_141752_full.jpg,194252049013_Mint_up_20250819_141752_full.jpg,MacBook_M1_Air,13.3-inch,Good,194252049013,Grade A,False
./extracted_data/clarity_dataset_v6\train\MacBook_M1_Air_13.3-inch_Good\194252049013_Mint_up_20250819_141802_full.jpg,194252049013_Mint_up_20250819_141802_full.jpg,MacBook_M1_Air,13.3-inch,Good,194252049013,Grade A,False
./extracted_data/clarity_dataset_v6\train\MacBook_M1_Air_13.3-inch_Good\194252049013_Mint_up_20250819_141812_full.jpg,194252049013_Mint_up_20250819_141812_full.jpg,MacBook_M1_Air,13.3-inch,Good,194252049013,Grade A,False
./extracted_data/clarity_dataset_v6\train\Samsung_Galaxy_A15_Counterfeit\714951679627_Counterfeit_down_20250821_094221_full.jpg,714951679627_Counterfeit_down_20250821_094221_full.jpg,Samsung_Galaxy,A15,Counterfeit,714951679627,Counterfeit,True
./extracted_data/clarity_dataset_v6\train\Samsung_Galaxy_A15_Counterfeit\887276812199_Counterfeit_down_20250821_094110_full.jpg,887276812199_Counterfeit_down_20250821_094110_full.jpg,Samsung_Galaxy,A15,Counterfeit,887276812199,Counterfeit,True
./extracted_data/clarity_dataset_v6\train\Samsung_Galaxy_A15_Counterfeit\887276812199_Counterfeit_up_20250821_094045_full.jpg,887276812199_Counterfeit_up_20250821_094045_full.jpg,Samsung_Galaxy,A15,Counterfeit,887276812199,Counterfeit,True
./extracted_data/clarity_dataset_v6\train\Samsung_Galaxy_A15_Good\887276816241_GradeA_down_20250821_073549_full.jpg,887276816241_GradeA_down_20250821_073549_full.jpg,Samsung_Galaxy,A15,Good,887276816241,Grade A,False
./extracted_data/clarity_dataset_v6\train\Samsung_Galaxy_A15_Good\887276816241_GradeA_down_20250821_073558_full.jpg,887276816241_GradeA_down_20250821_073558_full.jpg,Samsung_Galaxy,A15,Good,887276816241,Grade A,False
./extracted_data/clarity_dataset_v6\train\Samsung_Galaxy_A15_Good\887276816241_GradeA_down_20250821_073608_full.jpg,887276816241_GradeA_down_20250821_073608_full.jpg,Samsung_Galaxy,A15,Good,887276816241,Grade A,False
./extracted_data/clarity_dataset_v6\train\Samsung_Galaxy_A15_Good\887276816241_GradeA_down_20250821_073814_full.jpg,887276816241_GradeA_down_20250821_073814_full.jpg,Samsung_Galaxy,A15,Good,887276816241,Grade A,False
./extracted_data/clarity_dataset_v6\train\Samsung_Galaxy_A15_Good\887276816241_GradeA_down_20250821_073942_full.jpg,887276816241_GradeA_down_20250821_073942_full.jpg,Samsung_Galaxy,A15,Good,887276816241,Grade A,False
./extracted_data/clarity_dataset_v6\train\Samsung_Galaxy_A15_Good\887276816241_GradeA_down_20250821_073951_full.jpg,887276816241_GradeA_down_20250821_073951_full.jpg,Samsung_Galaxy,A15,Good,887276816241,Grade A,False
./extracted_data/clarity_dataset_v6\train\Samsung_Galaxy_A15_Good\887276816241_GradeA_up_20250821_073516_full.jpg,887276816241_GradeA_up_20250821_073516_full.jpg,Samsung_Galaxy,A15,Good,887276816241,Grade A,False
./extracted_data/clarity_dataset_v6\train\Samsung_Galaxy_A15_Good\887276816241_GradeA_up_20250821_073527_full.jpg,887276816241_GradeA_up_20250821_073527_full.jpg,Samsung_Galaxy,A15,Good,887276816241,Grade A,False
./extracted_data/clarity_dataset_v6\train\Samsung_Galaxy_A15_Good\887276816241_GradeA_up_20250821_073539_full.jpg,887276816241_GradeA_up_20250821_073539_full.jpg,Samsung_Galaxy,A15,Good,887276816241,Grade A,False
./extracted_data/clarity_dataset_v6\train\Samsung_Galaxy_A15_Good\887276816241_GradeA_up_20250821_073736_full.jpg,887276816241_GradeA_up_20250821_073736_full.jpg,Samsung_Galaxy,A15,Good,887276816241,Grade A,False
./extracted_data/clarity_dataset_v6\train\Samsung_Galaxy_A15_Good\887276816241_GradeA_up_20250821_073755_full.jpg,887276816241_GradeA_up_20250821_073755_full.jpg,Samsung_Galaxy,A15,Good,887276816241,Grade A,False
./extracted_data/clarity_dataset_v6\train\Samsung_Galaxy_A15_Good\887276816241_GradeA_up_20250821_073859_full.jpg,887276816241_GradeA_up_20250821_073859_full.jpg,Samsung_Galaxy,A15,Good,887276816241,Grade A,False
./extracted_data/clarity_dataset_v6\train\Samsung_Galaxy_A15_Good\887276816241_GradeA_up_20250821_073910_full.jpg,887276816241_GradeA_up_20250821_073910_full.jpg,Samsung_Galaxy,A15,Good,887276816241,Grade A,False
./extracted_data/clarity_dataset_v6\train\Samsung_Galaxy_A15_Good\887276816241_GradeA_up_20250821_073920_full.jpg,887276816241_GradeA_up_20250821_073920_full.jpg,Samsung_Galaxy,A15,Good,887276816241,Grade A,False
./extracted_data/clarity_dataset_v6\train\Samsung_Galaxy_Buds3_Pro_Counterfeit\887276911069_Counterfeit_down_20250821_095314_full.jpg,887276911069_Counterfeit_down_20250821_095314_full.jpg,Samsung_Galaxy_Buds3,Pro,Counterfeit,887276911069,Counterfeit,True
./extracted_data/clarity_dataset_v6\train\Samsung_Galaxy_Buds3_Pro_Counterfeit\887276911069_Counterfeit_up_20250821_095304_full.jpg,887276911069_Counterfeit_up_20250821_095304_full.jpg,Samsung_Galaxy_Buds3,Pro,Counterfeit,887276911069,Counterfeit,True
./extracted_data/clarity_dataset_v6\train\Samsung_Galaxy_Buds3_Pro_Counterfeit\887276911069_Counterfeit_up_20250821_095348_full.jpg,887276911069_Counterfeit_up_20250821_095348_full.jpg,Samsung_Galaxy_Buds3,Pro,Counterfeit,887276911069,Counterfeit,True
./extracted_data/clarity_dataset_v6\train\Samsung_Galaxy_Buds3_Pro_Good\887276911069_GradeA_down_20250821_080314_full.jpg,887276911069_GradeA_down_20250821_080314_full.jpg,Samsung_Galaxy_Buds3,Pro,Good,887276911069,Grade A,False
./extracted_data/clarity_dataset_v6\train\Samsung_Galaxy_Buds3_Pro_Good\887276911069_GradeA_down_20250821_080334_full.jpg,887276911069_GradeA_down_20250821_080334_full.jpg,Samsung_Galaxy_Buds3,Pro,Good,887276911069,Grade A,False
./extracted_data/clarity_dataset_v6\train\Samsung_Galaxy_Buds3_Pro_Good\887276911069_GradeA_down_20250821_080347_full.jpg,887276911069_GradeA_down_20250821_080347_full.jpg,Samsung_Galaxy_Buds3,Pro,Good,887276911069,Grade A,False
./extracted_data/clarity_dataset_v6\train\Samsung_Galaxy_Buds3_Pro_Good\887276911069_GradeA_down_20250821_080516_full.jpg,887276911069_GradeA_down_20250821_080516_full.jpg,Samsung_Galaxy_Buds3,Pro,Good,887276911069,Grade A,False
./extracted_data/clarity_dataset_v6\train\Samsung_Galaxy_Buds3_Pro_Good\887276911069_GradeA_down_20250821_080551_full.jpg,887276911069_GradeA_down_20250821_080551_full.jpg,Samsung_Galaxy_Buds3,Pro,Good,887276911069,Grade A,False
./extracted_data/clarity_dataset_v6\train\Samsung_Galaxy_Buds3_Pro_Good\887276911069_GradeA_down_20250821_080750_full.jpg,887276911069_GradeA_down_20250821_080750_full.jpg,Samsung_Galaxy_Buds3,Pro,Good,887276911069,Grade A,False
./extracted_data/clarity_dataset_v6\train\Samsung_Galaxy_Buds3_Pro_Good\887276911069_GradeA_down_20250821_080803_full.jpg,887276911069_GradeA_down_20250821_080803_full.jpg,Samsung_Galaxy_Buds3,Pro,Good,887276911069,Grade A,False
./extracted_data/clarity_dataset_v6\train\Samsung_Galaxy_Buds3_Pro_Good\887276911069_GradeA_down_20250821_080816_full.jpg,887276911069_GradeA_down_20250821_080816_full.jpg,Samsung_Galaxy_Buds3,Pro,Good,887276911069,Grade A,False
./extracted_data/clarity_dataset_v6\train\Samsung_Galaxy_Buds3_Pro_Good\887276911069_GradeA_up_20250821_080249_full.jpg,887276911069_GradeA_up_20250821_080249_full.jpg,Samsung_Galaxy_Buds3,Pro,Good,887276911069,Grade A,False
./extracted_data/clarity_dataset_v6\train\Samsung_Galaxy_Buds3_Pro_Good\887276911069_GradeA_up_20250821_080420_full.jpg,887276911069_GradeA_up_20250821_080420_full.jpg,Samsung_Galaxy_Buds3,Pro,Good,887276911069,Grade A,False
./extracted_data/clarity_dataset_v6\train\Samsung_Galaxy_Buds3_Pro_Good\887276911069_GradeA_up_20250821_080433_full.jpg,887276911069_GradeA_up_20250821_080433_full.jpg,Samsung_Galaxy_Buds3,Pro,Good,887276911069,Grade A,False
./extracted_data/clarity_dataset_v6\train\Samsung_Galaxy_Buds3_Pro_Good\887276911069_GradeA_up_20250821_080712_full.jpg,887276911069_GradeA_up_20250821_080712_full.jpg,Samsung_Galaxy_Buds3,Pro,Good,887276911069,Grade A,False
./extracted_data/clarity_dataset_v6\train\Samsung_Galaxy_Buds3_Pro_Good\887276911069_GradeA_up_20250821_080724_full.jpg,887276911069_GradeA_up_20250821_080724_full.jpg,Samsung_Galaxy_Buds3,Pro,Good,887276911069,Grade A,False
./extracted_data/clarity_dataset_v6\train\Samsung_Galaxy_Buds3_Pro_Good\887276911069_GradeA_up_20250821_080738_full.jpg,887276911069_GradeA_up_20250821_080738_full.jpg,Samsung_Galaxy_Buds3,Pro,Good,887276911069,Grade A,False
./extracted_data/clarity_dataset_v6\train\Samsung_Galaxy_Tab_A9+_Counterfeit\887276796284_Counterfeit_down_20250821_104817_full.jpg,887276796284_Counterfeit_down_20250821_104817_full.jpg,Samsung_Galaxy_Tab,A9+,Counterfeit,887276796284,Counterfeit,True
./extracted_data/clarity_dataset_v6\train\Samsung_Galaxy_Tab_A9+_Counterfeit\887276796284_Counterfeit_down_20250821_104940_full.jpg,887276796284_Counterfeit_down_20250821_104940_full.jpg,Samsung_Galaxy_Tab,A9+,Counterfeit,887276796284,Counterfeit,True
./extracted_data/clarity_dataset_v6\train\Samsung_Galaxy_Tab_A9+_Counterfeit\887276796284_Counterfeit_up_20250821_104805_full.jpg,887276796284_Counterfeit_up_20250821_104805_full.jpg,Samsung_Galaxy_Tab,A9+,Counterfeit,887276796284,Counterfeit,True
./extracted_data/clarity_dataset_v6\train\Samsung_Galaxy_Tab_A9+_Good\887276796284_GradeA_down_20250821_083348_full.jpg,887276796284_GradeA_down_20250821_083348_full.jpg,Samsung_Galaxy_Tab,A9+,Good,887276796284,Grade A,False
./extracted_data/clarity_dataset_v6\train\Samsung_Galaxy_Tab_A9+_Good\887276796284_GradeA_down_20250821_083358_full.jpg,887276796284_GradeA_down_20250821_083358_full.jpg,Samsung_Galaxy_Tab,A9+,Good,887276796284,Grade A,False
./extracted_data/clarity_dataset_v6\train\Samsung_Galaxy_Tab_A9+_Good\887276796284_GradeA_down_20250821_083408_full.jpg,887276796284_GradeA_down_20250821_083408_full.jpg,Samsung_Galaxy_Tab,A9+,Good,887276796284,Grade A,False
./extracted_data/clarity_dataset_v6\train\Samsung_Galaxy_Tab_A9+_Good\887276796284_GradeA_down_20250821_083500_full.jpg,887276796284_GradeA_down_20250821_083500_full.jpg,Samsung_Galaxy_Tab,A9+,Good,887276796284,Grade A,False
./extracted_data/clarity_dataset_v6\train\Samsung_Galaxy_Tab_A9+_Good\887276796284_GradeA_down_20250821_083521_full.jpg,887276796284_GradeA_down_20250821_083521_full.jpg,Samsung_Galaxy_Tab,A9+,Good,887276796284,Grade A,False
./extracted_data/clarity_dataset_v6\train\Samsung_Galaxy_Tab_A9+_Good\887276796284_GradeA_down_20250821_083619_full.jpg,887276796284_GradeA_down_20250821_083619_full.jpg,Samsung_Galaxy_Tab,A9+,Good,887276796284,Grade A,False
./extracted_data/clarity_dataset_v6\train\Samsung_Galaxy_Tab_A9+_Good\887276796284_GradeA_down_20250821_083629_full.jpg,887276796284_GradeA_down_20250821_083629_full.jpg,Samsung_Galaxy_Tab,A9+,Good,887276796284,Grade A,False
./extracted_data/clarity_dataset_v6\train\Samsung_Galaxy_Tab_A9+_Good\887276796284_GradeA_up_20250821_083318_full.jpg,887276796284_GradeA_up_20250821_083318_full.jpg,Samsung_Galaxy_Tab,A9+,Good,887276796284,Grade A,False
./extracted_data/clarity_dataset_v6\train\Samsung_Galaxy_Tab_A9+_Good\887276796284_GradeA_up_20250821_083338_full.jpg,887276796284_GradeA_up_20250821_083338_full.jpg,Samsung_Galaxy_Tab,A9+,Good,887276796284,Grade A,False
./extracted_data/clarity_dataset_v6\train\Samsung_Galaxy_Tab_A9+_Good\887276796284_GradeA_up_20250821_083430_full.jpg,887276796284_GradeA_up_20250821_083430_full.jpg,Samsung_Galaxy_Tab,A9+,Good,887276796284,Grade A,False
./extracted_data/clarity_dataset_v6\train\Samsung_Galaxy_Tab_A9+_Good\887276796284_GradeA_up_20250821_083440_full.jpg,887276796284_GradeA_up_20250821_083440_full.jpg,Samsung_Galaxy_Tab,A9+,Good,887276796284,Grade A,False
./extracted_data/clarity_dataset_v6\train\Samsung_Galaxy_Tab_A9+_Good\887276796284_GradeA_up_20250821_083550_full.jpg,887276796284_GradeA_up_20250821_083550_full.jpg,Samsung_Galaxy_Tab,A9+,Good,887276796284,Grade A,False
./extracted_data/clarity_dataset_v6\train\Samsung_Galaxy_Tab_A9+_Good\887276796284_GradeA_up_20250821_083559_full.jpg,887276796284_GradeA_up_20250821_083559_full.jpg,Samsung_Galaxy_Tab,A9+,Good,887276796284,Grade A,False
./extracted_data/clarity_dataset_v6\train\Samsung_Galaxy_Tab_A9+_Good\887276796284_GradeA_up_20250821_083609_full.jpg,887276796284_GradeA_up_20250821_083609_full.jpg,Samsung_Galaxy_Tab,A9+,Good,887276796284,Grade A,False
./extracted_data/clarity_dataset_v6\train\Samsung_Galaxy_Watch4_40_mm_Counterfeit\887276553719_Counterfeit_down_20250821_105806_full.jpg,887276553719_Counterfeit_down_20250821_105806_full.jpg,Samsung_Galaxy_Watch4_40,mm,Counterfeit,887276553719,Counterfeit,True
./extracted_data/clarity_dataset_v6\train\Samsung_Galaxy_Watch4_40_mm_Counterfeit\887276553719_Counterfeit_up_20250821_105753_full.jpg,887276553719_Counterfeit_up_20250821_105753_full.jpg,Samsung_Galaxy_Watch4_40,mm,Counterfeit,887276553719,Counterfeit,True
./extracted_data/clarity_dataset_v6\train\Samsung_Galaxy_Watch4_40_mm_Good\887276552446_GradeA_down_20250821_085608_full.jpg,887276552446_GradeA_down_20250821_085608_full.jpg,Samsung_Galaxy_Watch4_40,mm,Good,887276552446,Grade A,False
./extracted_data/clarity_dataset_v6\train\Samsung_Galaxy_Watch4_40_mm_Good\887276552446_GradeA_down_20250821_085618_full.jpg,887276552446_GradeA_down_20250821_085618_full.jpg,Samsung_Galaxy_Watch4_40,mm,Good,887276552446,Grade A,False
./extracted_data/clarity_dataset_v6\train\Samsung_Galaxy_Watch4_40_mm_Good\887276552446_GradeA_down_20250821_085742_full.jpg,887276552446_GradeA_down_20250821_085742_full.jpg,Samsung_Galaxy_Watch4_40,mm,Good,887276552446,Grade A,False
./extracted_data/clarity_dataset_v6\train\Samsung_Galaxy_Watch4_40_mm_Good\887276552446_GradeA_down_20250821_085753_full.jpg,887276552446_GradeA_down_20250821_085753_full.jpg,Samsung_Galaxy_Watch4_40,mm,Good,887276552446,Grade A,False
./extracted_data/clarity_dataset_v6\train\Samsung_Galaxy_Watch4_40_mm_Good\887276552446_GradeA_down_20250821_085905_full.jpg,887276552446_GradeA_down_20250821_085905_full.jpg,Samsung_Galaxy_Watch4_40,mm,Good,887276552446,Grade A,False
./extracted_data/clarity_dataset_v6\train\Samsung_Galaxy_Watch4_40_mm_Good\887276552446_GradeA_up_20250821_085517_full.jpg,887276552446_GradeA_up_20250821_085517_full.jpg,Samsung_Galaxy_Watch4_40,mm,Good,887276552446,Grade A,False
./extracted_data/clarity_dataset_v6\train\Samsung_Galaxy_Watch4_40_mm_Good\887276552446_GradeA_up_20250821_085528_full.jpg,887276552446_GradeA_up_20250821_085528_full.jpg,Samsung_Galaxy_Watch4_40,mm,Good,887276552446,Grade A,False
./extracted_data/clarity_dataset_v6\train\Samsung_Galaxy_Watch4_40_mm_Good\887276552446_GradeA_up_20250821_085539_full.jpg,887276552446_GradeA_up_20250821_085539_full.jpg,Samsung_Galaxy_Watch4_40,mm,Good,887276552446,Grade A,False
./extracted_data/clarity_dataset_v6\train\Samsung_Galaxy_Watch4_40_mm_Good\887276552446_GradeA_up_20250821_085646_full.jpg,887276552446_GradeA_up_20250821_085646_full.jpg,Samsung_Galaxy_Watch4_40,mm,Good,887276552446,Grade A,False
./extracted_data/clarity_dataset_v6\train\Samsung_Galaxy_Watch4_40_mm_Good\887276552446_GradeA_up_20250821_085656_full.jpg,887276552446_GradeA_up_20250821_085656_full.jpg,Samsung_Galaxy_Watch4_40,mm,Good,887276552446,Grade A,False
./extracted_data/clarity_dataset_v6\train\Samsung_Galaxy_Watch4_40_mm_Good\887276552446_GradeA_up_20250821_085706_full.jpg,887276552446_GradeA_up_20250821_085706_full.jpg,Samsung_Galaxy_Watch4_40,mm,Good,887276552446,Grade A,False
./extracted_data/clarity_dataset_v6\train\Samsung_Galaxy_Watch4_40_mm_Good\887276552446_GradeA_up_20250821_085832_full.jpg,887276552446_GradeA_up_20250821_085832_full.jpg,Samsung_Galaxy_Watch4_40,mm,Good,887276552446,Grade A,False
./extracted_data/clarity_dataset_v6\train\Samsung_Galaxy_Watch4_40_mm_Good\887276552446_GradeA_up_20250821_085844_full.jpg,887276552446_GradeA_up_20250821_085844_full.jpg,Samsung_Galaxy_Watch4_40,mm,Good,887276552446,Grade A,False
./extracted_data/clarity_dataset_v6\train\Samsung_Galaxy_Watch4_40_mm_Good\887276552446_GradeA_up_20250821_085854_full.jpg,887276552446_GradeA_up_20250821_085854_full.jpg,Samsung_Galaxy_Watch4_40,mm,Good,887276552446,Grade A,False
./extracted_data/clarity_dataset_v6\train\Samsung_Galaxy_Watch4_Classic_46_mm_Counterfeit\887276551005_Counterfeit_down_20250821_105843_full.jpg,887276551005_Counterfeit_down_20250821_105843_full.jpg,Samsung_Galaxy_Watch4_Classic_46,mm,Counterfeit,887276551005,Counterfeit,True
./extracted_data/clarity_dataset_v6\train\Samsung_Galaxy_Watch4_Classic_46_mm_Counterfeit\887276551005_Counterfeit_up_20250821_105833_full.jpg,887276551005_Counterfeit_up_20250821_105833_full.jpg,Samsung_Galaxy_Watch4_Classic_46,mm,Counterfeit,887276551005,Counterfeit,True
./extracted_data/clarity_dataset_v6\train\Samsung_Galaxy_Watch_Active_40_mm_Counterfeit\887276318226_Counterfeit_down_20250821_105931_full.jpg,887276318226_Counterfeit_down_20250821_105931_full.jpg,Samsung_Galaxy_Watch_Active_40,mm,Counterfeit,887276318226,Counterfeit,True
./extracted_data/clarity_dataset_v6\train\Samsung_Galaxy_Watch_Active_40_mm_Counterfeit\887276318226_Counterfeit_up_20250821_105919_full.jpg,887276318226_Counterfeit_up_20250821_105919_full.jpg,Samsung_Galaxy_Watch_Active_40,mm,Counterfeit,887276318226,Counterfeit,True
